mc,solver,status,n_backlog_total,n_airlines,Q0_runway,B0_total,t_epoch,lateness_mean,lateness_std,coord_sigma,real_sigma,obj,fairness_gap,n_pushed,n_dev,dev_rate,solver_time_sec,wall_ms,num_pne
1,GREEDY_CENTRALIZED,OK,7,4,3;4,7,0,0.0,10.0,20.0,20.0,12.0,4.0,4,0,0.0,0.00015807151794433594,0.1621246337890625,
1,AGG_ORACLE_FCFS,OK,7,4,3;4,7,0,0.0,10.0,20.0,20.0,12.0,4.0,4,0,0.0,0.00014591217041015625,0.1468658447265625,
1,CE_FULL,MCP_Solved,7,4,3;4,7,0,0.0,10.0,20.0,20.0,15.0,2.6666666666666665,5,1,1.0,18.500643968582153,18500.64492225647,
1,CE_NAIVE,OK,7,4,3;4,7,0,0.0,10.0,20.0,20.0,15.0,2.0,5,0,0.0,0.41272687911987305,412.72997856140137,3
1,RRCE_PNE,OK,7,4,3;4,7,0,0.0,10.0,20.0,20.0,15.0,2.0,5,0,0.0,0.3883049488067627,388.3078098297119,3
2,GREEDY_CENTRALIZED,OK,7,4,3;4,7,0,0.0,10.0,20.0,20.0,12.0,4.0,4,0,0.0,0.0001430511474609375,0.14400482177734375,
2,AGG_ORACLE_FCFS,OK,7,4,3;4,7,0,0.0,10.0,20.0,20.0,22.0,6.0,4,0,0.0,0.00013518333435058594,0.1361370086669922,
2,CE_FULL,MCP_Solved,7,4,3;4,7,0,0.0,10.0,20.0,20.0,12.0,4.0,4,0,0.0,16.44329595565796,16443.296909332275,
2,CE_NAIVE,OK,7,4,3;4,7,0,0.0,10.0,20.0,20.0,12.0,4.0,4,0,0.0,0.34191203117370605,341.9148921966553,2
2,RRCE_PNE,OK,7,4,3;4,7,0,0.0,10.0,20.0,20.0,12.0,4.0,4,0,0.0,0.34134984016418457,341.3519859313965,2
3,GREEDY_CENTRALIZED,OK,7,5,3;4,7,0,0.0,10.0,20.0,20.0,16.0,4.0,3,0,0.0,0.00013780593872070312,0.13899803161621094,
3,AGG_ORACLE_FCFS,OK,7,5,3;4,7,0,0.0,10.0,20.0,20.0,16.0,4.0,3,0,0.0,0.0001399517059326172,0.14090538024902344,
3,CE_FULL,MCP_Solved,7,5,3;4,7,0,0.0,10.0,20.0,20.0,24.0,4.0,4,0,0.0,16.858383178710938,16858.383178710938,
3,CE_NAIVE,OK,7,5,3;4,7,0,0.0,10.0,20.0,20.0,24.0,4.0,4,0,0.0,0.3627290725708008,362.7331256866455,1
3,RRCE_PNE,OK,7,5,3;4,7,0,0.0,10.0,20.0,20.0,24.0,4.0,4,0,0.0,0.36257386207580566,362.576961517334,1
4,GREEDY_CENTRALIZED,OK,7,4,3;4,7,0,0.0,10.0,20.0,20.0,16.0,4.0,3,0,0.0,0.00015497207641601562,0.1571178436279297,
4,AGG_ORACLE_FCFS,OK,7,4,3;4,7,0,0.0,10.0,20.0,20.0,28.0,4.0,3,0,0.0,0.00015091896057128906,0.1518726348876953,
4,CE_FULL,MCP_Solved,7,4,3;4,7,0,0.0,10.0,20.0,20.0,24.0,5.0,4,0,0.0,16.023412942886353,16023.414850234985,
4,CE_NAIVE,OK,7,4,3;4,7,0,0.0,10.0,20.0,20.0,24.0,2.0,4,0,0.0,0.41443777084350586,414.4408702850342,3
4,RRCE_PNE,OK,7,4,3;4,7,0,0.0,10.0,20.0,20.0,24.0,2.0,4,0,0.0,0.4044671058654785,404.4690132141113,3
5,GREEDY_CENTRALIZED,OK,7,3,3;4,7,0,0.0,10.0,20.0,20.0,12.0,4.0,4,0,0.0,0.00014710426330566406,0.1480579376220703,
5,AGG_ORACLE_FCFS,OK,7,3,3;4,7,0,0.0,10.0,20.0,20.0,12.0,4.0,4,0,0.0,0.0001399517059326172,0.14090538024902344,
5,CE_FULL,MCP_Solved,7,3,3;4,7,0,0.0,10.0,20.0,20.0,15.0,1.3333333333333335,5,3,1.0,19.603843927383423,19603.845834732056,
5,CE_NAIVE,OK,7,3,3;4,7,0,0.0,10.0,20.0,20.0,15.0,2.6666666666666665,5,2,1.0,0.7850439548492432,785.0470542907715,12
5,RRCE_PNE,OK,7,3,3;4,7,0,0.0,10.0,20.0,20.0,15.0,2.6666666666666665,5,2,1.0,0.7897891998291016,789.8051738739014,12
6,GREEDY_CENTRALIZED,OK,7,4,3;4,7,0,0.0,10.0,20.0,20.0,12.0,4.0,4,0,0.0,0.00014209747314453125,0.14495849609375,
6,AGG_ORACLE_FCFS,OK,7,4,3;4,7,0,0.0,10.0,20.0,20.0,12.0,4.0,4,0,0.0,0.0001399517059326172,0.14090538024902344,
6,CE_FULL,MCP_Solved,7,4,3;4,7,0,0.0,10.0,20.0,20.0,15.0,2.0,5,1,1.0,18.66448998451233,18664.49213027954,
6,CE_NAIVE,OK,7,4,3;4,7,0,0.0,10.0,20.0,20.0,15.0,2.0,5,0,0.0,0.41288304328918457,412.8859043121338,3
6,RRCE_PNE,OK,7,4,3;4,7,0,0.0,10.0,20.0,20.0,15.0,2.0,5,0,0.0,0.39919495582580566,399.1968631744385,3
7,GREEDY_CENTRALIZED,OK,7,4,3;4,7,0,0.0,10.0,20.0,20.0,12.0,4.0,4,0,0.0,0.0001671314239501953,0.1690387725830078,
7,AGG_ORACLE_FCFS,OK,7,4,3;4,7,0,0.0,10.0,20.0,20.0,12.0,4.0,4,0,0.0,0.00015783309936523438,0.15878677368164062,
7,CE_FULL,MCP_Solved,7,4,3;4,7,0,0.0,10.0,20.0,20.0,12.0,2.6666666666666665,4,0,0.0,18.598408937454224,18598.40989112854,
7,CE_NAIVE,OK,7,4,3;4,7,0,0.0,10.0,20.0,20.0,12.0,2.6666666666666665,4,0,0.0,0.31542491912841797,315.4280185699463,1
7,RRCE_PNE,OK,7,4,3;4,7,0,0.0,10.0,20.0,20.0,12.0,2.6666666666666665,4,0,0.0,0.31491684913635254,314.91899490356445,1
8,GREEDY_CENTRALIZED,OK,7,4,3;4,7,0,0.0,10.0,20.0,20.0,12.0,4.0,4,0,0.0,0.0001227855682373047,0.12493133544921875,
8,AGG_ORACLE_FCFS,OK,7,4,3;4,7,0,0.0,10.0,20.0,20.0,12.0,4.0,4,0,0.0,0.00011897087097167969,0.1201629638671875,
8,CE_FULL,MCP_Solved,7,4,3;4,7,0,0.0,10.0,20.0,20.0,12.0,3.0,4,0,0.0,33.80038809776306,33800.38905143738,
8,CE_NAIVE,OK,7,4,3;4,7,0,0.0,10.0,20.0,20.0,12.0,3.0,4,0,0.0,0.32482314109802246,324.8260021209717,1
8,RRCE_PNE,OK,7,4,3;4,7,0,0.0,10.0,20.0,20.0,12.0,3.0,4,0,0.0,0.3134589195251465,313.4629726409912,1
9,GREEDY_CENTRALIZED,OK,7,3,3;4,7,0,0.0,10.0,20.0,20.0,12.0,4.0,4,0,0.0,0.00015687942504882812,0.1590251922607422,
9,AGG_ORACLE_FCFS,OK,7,3,3;4,7,0,0.0,10.0,20.0,20.0,18.0,3.0,4,0,0.0,0.0001590251922607422,0.15997886657714844,
9,CE_FULL,MCP_Solved,7,3,3;4,7,0,0.0,10.0,20.0,20.0,15.0,2.6666666666666665,5,1,1.0,18.24654507637024,18246.546030044556,
9,CE_NAIVE,OK,7,3,3;4,7,0,0.0,10.0,20.0,20.0,15.0,2.0,5,0,0.0,0.6949470043182373,694.9491500854492,9
9,RRCE_PNE,OK,7,3,3;4,7,0,0.0,10.0,20.0,20.0,15.0,2.0,5,2,1.0,0.6888618469238281,688.8649463653564,9
10,GREEDY_CENTRALIZED,OK,7,4,3;4,7,0,0.0,10.0,20.0,20.0,12.0,4.0,4,0,0.0,0.00013113021850585938,0.13303756713867188,
10,AGG_ORACLE_FCFS,OK,7,4,3;4,7,0,0.0,10.0,20.0,20.0,12.0,4.0,4,0,0.0,0.0001671314239501953,0.1811981201171875,
10,CE_FULL,MCP_Solved,7,4,3;4,7,0,0.0,10.0,20.0,20.0,42.0,2.0,6,1,1.0,15.124701976776123,15124.70293045044,
10,CE_NAIVE,OK,7,4,3;4,7,0,0.0,10.0,20.0,20.0,15.0,4.0,5,0,0.0,0.8109891414642334,810.992956161499,10
10,RRCE_PNE,OK,7,4,3;4,7,0,0.0,10.0,20.0,20.0,15.0,2.0,5,0,0.0,0.8065629005432129,806.5798282623291,10
11,GREEDY_CENTRALIZED,OK,7,5,3;4,7,0,0.0,10.0,20.0,20.0,20.0,4.0,2,0,0.0,0.0001709461212158203,0.17309188842773438,
11,AGG_ORACLE_FCFS,OK,7,5,3;4,7,0,0.0,10.0,20.0,20.0,20.0,4.0,2,0,0.0,0.000164031982421875,0.16498565673828125,
11,CE_FULL,MCP_Solved,7,5,3;4,7,0,0.0,10.0,20.0,20.0,40.0,4.0,4,1,1.0,16.817728996276855,16817.729949951172,
11,CE_NAIVE,OK,7,5,3;4,7,0,0.0,10.0,20.0,20.0,40.0,4.0,4,0,0.0,0.5806031227111816,580.6069374084473,2
11,RRCE_PNE,OK,7,5,3;4,7,0,0.0,10.0,20.0,20.0,40.0,4.0,4,0,0.0,0.5860300064086914,586.0328674316406,2
12,GREEDY_CENTRALIZED,OK,7,5,3;4,7,0,0.0,10.0,20.0,20.0,12.0,4.0,4,0,0.0,0.00016808509826660156,0.1690387725830078,
12,AGG_ORACLE_FCFS,OK,7,5,3;4,7,0,0.0,10.0,20.0,20.0,12.0,4.0,4,0,0.0,0.00015211105346679688,0.15306472778320312,
12,CE_FULL,MCP_Solved,7,5,3;4,7,0,0.0,10.0,20.0,20.0,40.0,3.333333333333333,6,1,1.0,18.109596014022827,18109.596967697144,
12,CE_NAIVE,OK,7,5,3;4,7,0,0.0,10.0,20.0,20.0,15.0,4.0,5,0,0.0,0.6177840232849121,617.7868843078613,3
12,RRCE_PNE,OK,7,5,3;4,7,0,0.0,10.0,20.0,20.0,15.0,4.0,5,0,0.0,0.6041171550750732,604.133129119873,3
13,GREEDY_CENTRALIZED,OK,7,5,3;4,7,0,0.0,10.0,20.0,20.0,12.0,4.0,4,0,0.0,0.00014901161193847656,0.15091896057128906,
13,AGG_ORACLE_FCFS,OK,7,5,3;4,7,0,0.0,10.0,20.0,20.0,12.0,4.0,4,0,0.0,0.0001621246337890625,0.1621246337890625,
13,CE_FULL,MCP_Solved,7,5,3;4,7,0,0.0,10.0,20.0,20.0,40.0,2.0,6,2,1.0,18.378865003585815,18378.86691093445,
13,CE_NAIVE,OK,7,5,3;4,7,0,0.0,10.0,20.0,20.0,15.0,4.0,5,0,0.0,0.8243279457092285,824.3310451507568,7
13,RRCE_PNE,OK,7,5,3;4,7,0,0.0,10.0,20.0,20.0,15.0,4.0,5,0,0.0,0.7617471218109131,761.7499828338623,7
14,GREEDY_CENTRALIZED,OK,7,4,3;4,7,0,0.0,10.0,20.0,20.0,12.0,4.0,4,0,0.0,0.0001678466796875,0.1709461212158203,
14,AGG_ORACLE_FCFS,OK,7,4,3;4,7,0,0.0,10.0,20.0,20.0,12.0,4.0,4,0,0.0,0.0001518726348876953,0.15282630920410156,
14,CE_FULL,MCP_Solved,7,4,3;4,7,0,0.0,10.0,20.0,20.0,12.0,4.0,4,0,0.0,18.18230891227722,18182.310819625854,
14,CE_NAIVE,OK,7,4,3;4,7,0,0.0,10.0,20.0,20.0,12.0,4.0,4,0,0.0,0.32380080223083496,323.8060474395752,1
14,RRCE_PNE,OK,7,4,3;4,7,0,0.0,10.0,20.0,20.0,12.0,4.0,4,0,0.0,0.33309483528137207,333.0979347229004,1
15,GREEDY_CENTRALIZED,OK,7,5,3;4,7,0,0.0,10.0,20.0,20.0,12.0,4.0,4,0,0.0,0.00014901161193847656,0.1518726348876953,
15,AGG_ORACLE_FCFS,OK,7,5,3;4,7,0,0.0,10.0,20.0,20.0,12.0,4.0,4,0,0.0,0.00013399124145507812,0.13399124145507812,
15,CE_FULL,MCP_Solved,7,5,3;4,7,0,0.0,10.0,20.0,20.0,15.0,2.6666666666666665,5,3,1.0,17.781368017196655,17781.36897087097,
15,CE_NAIVE,OK,7,5,3;4,7,0,0.0,10.0,20.0,20.0,15.0,4.0,5,2,1.0,0.9805879592895508,980.604887008667,12
15,RRCE_PNE,OK,7,5,3;4,7,0,0.0,10.0,20.0,20.0,15.0,4.0,5,0,0.0,0.9752318859100342,975.236177444458,12
16,GREEDY_CENTRALIZED,OK,7,4,3;4,7,0,0.0,10.0,20.0,20.0,12.0,4.0,4,0,0.0,0.00014400482177734375,0.14710426330566406,
16,AGG_ORACLE_FCFS,OK,7,4,3;4,7,0,0.0,10.0,20.0,20.0,12.0,4.0,4,0,0.0,0.000141143798828125,0.141143798828125,
16,CE_FULL,MCP_Solved,7,4,3;4,7,0,0.0,10.0,20.0,20.0,12.0,2.6666666666666665,4,0,0.0,18.97256898880005,18972.569942474365,
16,CE_NAIVE,OK,7,4,3;4,7,0,0.0,10.0,20.0,20.0,25.0,3.0,5,1,1.0,0.3217160701751709,321.7189311981201,1
16,RRCE_PNE,OK,7,4,3;4,7,0,0.0,10.0,20.0,20.0,12.0,2.6666666666666665,4,0,0.0,0.3211970329284668,321.199893951416,1
17,GREEDY_CENTRALIZED,OK,7,4,3;4,7,0,0.0,10.0,20.0,20.0,12.0,4.0,4,0,0.0,0.00019216537475585938,0.19407272338867188,
17,AGG_ORACLE_FCFS,OK,7,4,3;4,7,0,0.0,10.0,20.0,20.0,12.0,4.0,4,0,0.0,0.00019407272338867188,0.19502639770507812,
17,CE_FULL,MCP_Solved,7,4,3;4,7,0,0.0,10.0,20.0,20.0,40.0,3.333333333333333,6,1,1.0,18.33148717880249,18331.488132476807,
17,CE_NAIVE,OK,7,4,3;4,7,0,0.0,10.0,20.0,20.0,15.0,4.0,5,0,0.0,0.412869930267334,412.8711223602295,3
17,RRCE_PNE,OK,7,4,3;4,7,0,0.0,10.0,20.0,20.0,15.0,4.0,5,0,0.0,0.409168004989624,409.17086601257324,3
18,GREEDY_CENTRALIZED,OK,7,5,3;4,7,0,0.0,10.0,20.0,20.0,12.0,4.0,4,0,0.0,0.0001361370086669922,0.1380443572998047,
18,AGG_ORACLE_FCFS,OK,7,5,3;4,7,0,0.0,10.0,20.0,20.0,22.0,6.0,4,0,0.0,0.00012803077697753906,0.1289844512939453,
18,CE_FULL,MCP_Solved,7,5,3;4,7,0,0.0,10.0,20.0,20.0,12.0,4.0,4,0,0.0,16.09040594100952,16090.407133102417,
18,CE_NAIVE,OK,7,5,3;4,7,0,0.0,10.0,20.0,20.0,12.0,4.0,4,0,0.0,0.35922718048095703,359.23004150390625,1
18,RRCE_PNE,OK,7,5,3;4,7,0,0.0,10.0,20.0,20.0,12.0,4.0,4,0,0.0,0.35585808753967285,355.85999488830566,1
19,GREEDY_CENTRALIZED,OK,7,3,3;4,7,0,0.0,10.0,20.0,20.0,16.0,3.0,3,0,0.0,0.00013399124145507812,0.13709068298339844,
19,AGG_ORACLE_FCFS,OK,7,3,3;4,7,0,0.0,10.0,20.0,20.0,16.0,3.0,3,0,0.0,0.00012087821960449219,0.12087821960449219,
19,CE_FULL,MCP_Solved,7,3,3;4,7,0,0.0,10.0,20.0,20.0,16.0,3.0,3,0,0.0,34.67506003379822,34675.060987472534,
19,CE_NAIVE,OK,7,3,3;4,7,0,0.0,10.0,20.0,20.0,16.0,3.0,3,0,0.0,0.2892789840698242,289.28089141845703,1
19,RRCE_PNE,OK,7,3,3;4,7,0,0.0,10.0,20.0,20.0,16.0,3.0,3,0,0.0,0.2892928123474121,289.294958114624,1
20,GREEDY_CENTRALIZED,OK,7,4,3;4,7,0,0.0,10.0,20.0,20.0,12.0,4.0,4,0,0.0,0.0001227855682373047,0.12493133544921875,
20,AGG_ORACLE_FCFS,OK,7,4,3;4,7,0,0.0,10.0,20.0,20.0,12.0,4.0,4,0,0.0,0.00011897087097167969,0.11992454528808594,
20,CE_FULL,MCP_Solved,7,4,3;4,7,0,0.0,10.0,20.0,20.0,12.0,2.6666666666666665,4,2,1.0,18.0858051776886,18085.8051776886,
20,CE_NAIVE,OK,7,4,3;4,7,0,0.0,10.0,20.0,20.0,15.0,2.0,5,0,0.0,0.40416502952575684,404.18100357055664,3
20,RRCE_PNE,OK,7,4,3;4,7,0,0.0,10.0,20.0,20.0,15.0,2.0,5,0,0.0,0.40468597412109375,404.6897888183594,3
21,GREEDY_CENTRALIZED,OK,7,4,3;4,7,0,0.0,10.0,20.0,20.0,12.0,4.0,4,0,0.0,0.0001480579376220703,0.15020370483398438,
21,AGG_ORACLE_FCFS,OK,7,4,3;4,7,0,0.0,10.0,20.0,20.0,20.0,4.666666666666667,4,0,0.0,0.0001621246337890625,0.1621246337890625,
21,CE_FULL,MCP_Solved,7,4,3;4,7,0,0.0,10.0,20.0,20.0,40.0,6.0,6,1,1.0,18.65676999092102,18656.76999092102,
21,CE_NAIVE,OK,7,4,3;4,7,0,0.0,10.0,20.0,20.0,15.0,2.6666666666666665,5,0,0.0,0.6105630397796631,610.5661392211914,4
21,RRCE_PNE,OK,7,4,3;4,7,0,0.0,10.0,20.0,20.0,15.0,2.0,5,0,0.0,0.606126070022583,606.1298847198486,4
22,GREEDY_CENTRALIZED,OK,7,4,3;4,7,0,0.0,10.0,20.0,20.0,12.0,4.0,4,0,0.0,0.00015211105346679688,0.15497207641601562,
22,AGG_ORACLE_FCFS,OK,7,4,3;4,7,0,0.0,10.0,20.0,20.0,20.0,4.0,4,0,0.0,0.000164031982421875,0.16498565673828125,
22,CE_FULL,MCP_Solved,7,4,3;4,7,0,0.0,10.0,20.0,20.0,40.0,4.0,6,1,1.0,16.52891492843628,16528.916120529175,
22,CE_NAIVE,OK,7,4,3;4,7,0,0.0,10.0,20.0,20.0,15.0,4.0,5,0,0.0,0.6131870746612549,613.1889820098877,4
22,RRCE_PNE,OK,7,4,3;4,7,0,0.0,10.0,20.0,20.0,15.0,2.0,5,0,0.0,0.5941751003265381,594.1779613494873,4
23,GREEDY_CENTRALIZED,OK,7,4,3;4,7,0,0.0,10.0,20.0,20.0,16.0,4.0,3,0,0.0,0.00016498565673828125,0.16808509826660156,
23,AGG_ORACLE_FCFS,OK,7,4,3;4,7,0,0.0,10.0,20.0,20.0,16.0,4.0,3,0,0.0,0.0001499652862548828,0.15091896057128906,
23,CE_FULL,MCP_Solved,7,4,3;4,7,0,0.0,10.0,20.0,20.0,24.0,5.0,4,0,0.0,18.94714903831482,18947.15118408203,
23,CE_NAIVE,OK,7,4,3;4,7,0,0.0,10.0,20.0,20.0,24.0,5.0,4,0,0.0,0.33994102478027344,339.94412422180176,1
23,RRCE_PNE,OK,7,4,3;4,7,0,0.0,10.0,20.0,20.0,24.0,5.0,4,0,0.0,0.33963513374328613,339.63799476623535,1
24,GREEDY_CENTRALIZED,OK,7,4,3;4,7,0,0.0,10.0,20.0,20.0,12.0,4.0,4,0,0.0,0.00011801719665527344,0.11992454528808594,
24,AGG_ORACLE_FCFS,OK,7,4,3;4,7,0,0.0,10.0,20.0,20.0,22.0,6.0,4,0,0.0,0.00012302398681640625,0.12302398681640625,
24,CE_FULL,MCP_Solved,7,4,3;4,7,0,0.0,10.0,20.0,20.0,12.0,2.6666666666666665,4,0,0.0,16.489338159561157,16489.339113235474,
24,CE_NAIVE,OK,7,4,3;4,7,0,0.0,10.0,20.0,20.0,12.0,2.6666666666666665,4,0,0.0,0.431988000869751,431.9899082183838,4
24,RRCE_PNE,OK,7,4,3;4,7,0,0.0,10.0,20.0,20.0,12.0,2.6666666666666665,4,2,1.0,0.43423008918762207,434.2339038848877,4
25,GREEDY_CENTRALIZED,OK,7,4,3;4,7,0,0.0,10.0,20.0,20.0,12.0,4.0,4,0,0.0,0.0001609325408935547,0.1628398895263672,
25,AGG_ORACLE_FCFS,OK,7,4,3;4,7,0,0.0,10.0,20.0,20.0,12.0,4.0,4,0,0.0,0.00012493133544921875,0.125885009765625,
25,CE_FULL,MCP_Solved,7,4,3;4,7,0,0.0,10.0,20.0,20.0,25.0,3.0,5,3,1.0,15.763064861297607,15763.064861297607,
25,CE_NAIVE,OK,7,4,3;4,7,0,0.0,10.0,20.0,20.0,12.0,2.0,4,0,0.0,0.6042850017547607,604.2881011962891,5
25,RRCE_PNE,OK,7,4,3;4,7,0,0.0,10.0,20.0,20.0,25.0,3.0,5,1,1.0,0.6098120212554932,609.813928604126,5
26,GREEDY_CENTRALIZED,OK,7,4,3;4,7,0,0.0,10.0,20.0,20.0,16.0,4.0,3,0,0.0,0.00014090538024902344,0.1430511474609375,
26,AGG_ORACLE_FCFS,OK,7,4,3;4,7,0,0.0,10.0,20.0,20.0,28.0,4.0,3,0,0.0,0.00013709068298339844,0.1380443572998047,
26,CE_FULL,MCP_Solved,7,4,3;4,7,0,0.0,10.0,20.0,20.0,24.0,5.0,4,1,1.0,15.349502086639404,15349.50304031372,
26,CE_NAIVE,OK,7,4,3;4,7,0,0.0,10.0,20.0,20.0,39.0,4.0,5,2,1.0,0.8623850345611572,862.38694190979,11
26,RRCE_PNE,OK,7,4,3;4,7,0,0.0,10.0,20.0,20.0,24.0,5.0,4,1,1.0,0.8552429676055908,855.2460670471191,11
27,GREEDY_CENTRALIZED,OK,7,3,3;4,7,0,0.0,10.0,20.0,20.0,12.0,4.0,4,0,0.0,0.00012493133544921875,0.12683868408203125,
27,AGG_ORACLE_FCFS,OK,7,3,3;4,7,0,0.0,10.0,20.0,20.0,12.0,4.0,4,0,0.0,0.00011396408081054688,0.11610984802246094,
27,CE_FULL,MCP_Solved,7,3,3;4,7,0,0.0,10.0,20.0,20.0,15.0,2.0,5,1,1.0,18.429292917251587,18429.292917251587,
27,CE_NAIVE,OK,7,3,3;4,7,0,0.0,10.0,20.0,20.0,15.0,2.0,5,0,0.0,0.6173141002655029,617.3169612884521,6
27,RRCE_PNE,OK,7,3,3;4,7,0,0.0,10.0,20.0,20.0,15.0,2.0,5,0,0.0,0.6186909675598145,618.6938285827637,6
28,GREEDY_CENTRALIZED,OK,7,4,3;4,7,0,0.0,10.0,20.0,20.0,12.0,4.0,4,0,0.0,0.0001270771026611328,0.12993812561035156,
28,AGG_ORACLE_FCFS,OK,7,4,3;4,7,0,0.0,10.0,20.0,20.0,12.0,4.0,4,0,0.0,0.00012302398681640625,0.12493133544921875,
28,CE_FULL,MCP_Solved,7,4,3;4,7,0,0.0,10.0,20.0,20.0,15.0,4.0,5,1,1.0,16.74956202507019,16749.563932418823,
28,CE_NAIVE,OK,7,4,3;4,7,0,0.0,10.0,20.0,20.0,15.0,2.0,5,0,0.0,0.6143391132354736,614.3419742584229,4
28,RRCE_PNE,OK,7,4,3;4,7,0,0.0,10.0,20.0,20.0,15.0,2.0,5,0,0.0,0.613152027130127,613.1539344787598,4
29,GREEDY_CENTRALIZED,OK,7,5,3;4,7,0,0.0,10.0,20.0,20.0,12.0,4.0,4,0,0.0,0.0001659393310546875,0.16808509826660156,
29,AGG_ORACLE_FCFS,OK,7,5,3;4,7,0,0.0,10.0,20.0,20.0,22.0,6.0,4,0,0.0,0.0001430511474609375,0.14400482177734375,
29,CE_FULL,MCP_Solved,7,5,3;4,7,0,0.0,10.0,20.0,20.0,12.0,4.0,4,0,0.0,17.117773056030273,17117.79808998108,
29,CE_NAIVE,OK,7,5,3;4,7,0,0.0,10.0,20.0,20.0,12.0,4.0,4,0,0.0,0.3590118885040283,359.01498794555664,1
29,RRCE_PNE,OK,7,5,3;4,7,0,0.0,10.0,20.0,20.0,12.0,4.0,4,0,0.0,0.3604450225830078,360.4471683502197,1
30,GREEDY_CENTRALIZED,OK,7,2,3;4,7,0,0.0,10.0,20.0,20.0,12.0,2.4,4,0,0.0,0.0004329681396484375,0.43511390686035156,
30,AGG_ORACLE_FCFS,OK,7,2,3;4,7,0,0.0,10.0,20.0,20.0,12.0,2.4,4,0,0.0,0.00011110305786132812,0.11205673217773438,
30,CE_FULL,MCP_Solved,7,2,3;4,7,0,0.0,10.0,20.0,20.0,12.0,2.4,4,0,0.0,48.09260892868042,48092.60892868042,
30,CE_NAIVE,OK,7,2,3;4,7,0,0.0,10.0,20.0,20.0,12.0,2.4,4,0,0.0,0.25272297859191895,252.72488594055176,1
30,RRCE_PNE,OK,7,2,3;4,7,0,0.0,10.0,20.0,20.0,12.0,2.4,4,0,0.0,0.2523009777069092,252.3031234741211,1
31,GREEDY_CENTRALIZED,OK,7,3,3;4,7,0,0.0,10.0,20.0,20.0,12.0,4.0,4,0,0.0,0.0001609325408935547,0.16307830810546875,
31,AGG_ORACLE_FCFS,OK,7,3,3;4,7,0,0.0,10.0,20.0,20.0,22.0,4.666666666666667,4,0,0.0,0.0001480579376220703,0.14901161193847656,
31,CE_FULL,MCP_Solved,7,3,3;4,7,0,0.0,10.0,20.0,20.0,12.0,2.6666666666666665,4,0,0.0,20.44186806678772,20441.869020462036,
31,CE_NAIVE,OK,7,3,3;4,7,0,0.0,10.0,20.0,20.0,12.0,2.6666666666666665,4,0,0.0,0.34112095832824707,341.1240577697754,3
31,RRCE_PNE,OK,7,3,3;4,7,0,0.0,10.0,20.0,20.0,12.0,2.6666666666666665,4,0,0.0,0.34948205947875977,349.4858741760254,3
32,GREEDY_CENTRALIZED,OK,7,4,3;4,7,0,0.0,10.0,20.0,20.0,12.0,2.6666666666666665,4,0,0.0,0.00020503997802734375,0.20694732666015625,
32,AGG_ORACLE_FCFS,OK,7,4,3;4,7,0,0.0,10.0,20.0,20.0,12.0,2.6666666666666665,4,0,0.0,0.0002200603485107422,0.22101402282714844,
32,CE_FULL,MCP_Solved,7,4,3;4,7,0,0.0,10.0,20.0,20.0,12.0,2.6666666666666665,4,2,1.0,18.929803133010864,18929.80408668518,
32,CE_NAIVE,OK,7,4,3;4,7,0,0.0,10.0,20.0,20.0,12.0,2.6666666666666665,4,0,0.0,0.3749239444732666,374.9520778656006,3
32,RRCE_PNE,OK,7,4,3;4,7,0,0.0,10.0,20.0,20.0,12.0,2.6666666666666665,4,2,1.0,0.3753361701965332,375.338077545166,3
33,GREEDY_CENTRALIZED,OK,7,4,3;4,7,0,0.0,10.0,20.0,20.0,12.0,4.0,4,0,0.0,0.00012993812561035156,0.13184547424316406,
33,AGG_ORACLE_FCFS,OK,7,4,3;4,7,0,0.0,10.0,20.0,20.0,12.0,4.0,4,0,0.0,0.00011897087097167969,0.11992454528808594,
33,CE_FULL,MCP_Solved,7,4,3;4,7,0,0.0,10.0,20.0,20.0,12.0,4.0,4,0,0.0,19.4580340385437,19458.034992218018,
33,CE_NAIVE,OK,7,4,3;4,7,0,0.0,10.0,20.0,20.0,12.0,4.0,4,0,0.0,0.3625328540802002,362.5361919403076,2
33,RRCE_PNE,OK,7,4,3;4,7,0,0.0,10.0,20.0,20.0,12.0,4.0,4,0,0.0,0.36229705810546875,362.3011112213135,2
34,GREEDY_CENTRALIZED,OK,7,5,3;4,7,0,0.0,10.0,20.0,20.0,12.0,4.0,4,0,0.0,0.00014209747314453125,0.14400482177734375,
34,AGG_ORACLE_FCFS,OK,7,5,3;4,7,0,0.0,10.0,20.0,20.0,12.0,4.0,4,0,0.0,0.00014019012451171875,0.141143798828125,
34,CE_FULL,MCP_Solved,7,5,3;4,7,0,0.0,10.0,20.0,20.0,25.0,6.0,5,0,0.0,15.458696842193604,15458.698034286499,
34,CE_NAIVE,OK,7,5,3;4,7,0,0.0,10.0,20.0,20.0,25.0,6.0,5,0,0.0,0.3823280334472656,382.32994079589844,1
34,RRCE_PNE,OK,7,5,3;4,7,0,0.0,10.0,20.0,20.0,25.0,6.0,5,0,0.0,0.38266611099243164,382.66801834106445,1
35,GREEDY_CENTRALIZED,OK,7,3,3;4,7,0,0.0,10.0,20.0,20.0,12.0,2.6666666666666665,4,0,0.0,0.0001399517059326172,0.14209747314453125,
35,AGG_ORACLE_FCFS,OK,7,3,3;4,7,0,0.0,10.0,20.0,20.0,22.0,3.0,4,0,0.0,0.00013399124145507812,0.13399124145507812,
35,CE_FULL,MCP_Solved,7,3,3;4,7,0,0.0,10.0,20.0,20.0,12.0,2.6666666666666665,4,0,0.0,19.690462112426758,19690.463066101074,
35,CE_NAIVE,OK,7,3,3;4,7,0,0.0,10.0,20.0,20.0,12.0,2.6666666666666665,4,0,0.0,0.4165458679199219,416.5489673614502,5
35,RRCE_PNE,OK,7,3,3;4,7,0,0.0,10.0,20.0,20.0,12.0,2.6666666666666665,4,0,0.0,0.406998872756958,407.0019721984863,5
36,GREEDY_CENTRALIZED,OK,7,5,3;4,7,0,0.0,10.0,20.0,20.0,12.0,4.0,4,0,0.0,0.00015401840209960938,0.1571178436279297,
36,AGG_ORACLE_FCFS,OK,7,5,3;4,7,0,0.0,10.0,20.0,20.0,12.0,4.0,4,0,0.0,0.00016307830810546875,0.16307830810546875,
36,CE_FULL,MCP_Solved,7,5,3;4,7,0,0.0,10.0,20.0,20.0,12.0,4.0,4,0,0.0,17.062248945236206,17062.249898910522,
36,CE_NAIVE,OK,7,5,3;4,7,0,0.0,10.0,20.0,20.0,12.0,4.0,4,0,0.0,0.3655219078063965,365.5259609222412,1
36,RRCE_PNE,OK,7,5,3;4,7,0,0.0,10.0,20.0,20.0,12.0,4.0,4,0,0.0,0.3723151683807373,372.31898307800293,1
37,GREEDY_CENTRALIZED,OK,7,3,3;4,7,0,0.0,10.0,20.0,20.0,12.0,4.0,4,0,0.0,0.0001270771026611328,0.1289844512939453,
37,AGG_ORACLE_FCFS,OK,7,3,3;4,7,0,0.0,10.0,20.0,20.0,20.0,2.666666666666667,4,0,0.0,0.00011587142944335938,0.11587142944335938,
37,CE_FULL,MCP_Solved,7,3,3;4,7,0,0.0,10.0,20.0,20.0,40.0,2.666666666666667,6,2,1.0,20.38504385948181,20385.04385948181,
37,CE_NAIVE,OK,7,3,3;4,7,0,0.0,10.0,20.0,20.0,15.0,1.3333333333333335,5,0,0.0,1.0181260108947754,1018.1279182434082,3
37,RRCE_PNE,OK,7,3,3;4,7,0,0.0,10.0,20.0,20.0,15.0,1.3333333333333335,5,0,0.0,0.3470771312713623,347.0790386199951,3
38,GREEDY_CENTRALIZED,OK,7,3,3;4,7,0,0.0,10.0,20.0,20.0,12.0,4.0,4,0,0.0,0.00010895729064941406,0.11181831359863281,
38,AGG_ORACLE_FCFS,OK,7,3,3;4,7,0,0.0,10.0,20.0,20.0,12.0,4.0,4,0,0.0,0.00010204315185546875,0.10204315185546875,
38,CE_FULL,MCP_Solved,7,3,3;4,7,0,0.0,10.0,20.0,20.0,15.0,2.6666666666666665,5,1,1.0,18.44742488861084,18447.425842285156,
38,CE_NAIVE,OK,7,3,3;4,7,0,0.0,10.0,20.0,20.0,15.0,2.0,5,0,0.0,0.6533770561218262,653.3808708190918,7
38,RRCE_PNE,OK,7,3,3;4,7,0,0.0,10.0,20.0,20.0,15.0,2.0,5,2,1.0,0.6575450897216797,657.5491428375244,7
39,GREEDY_CENTRALIZED,OK,7,4,3;4,7,0,0.0,10.0,20.0,20.0,12.0,4.0,4,0,0.0,0.00017213821411132812,0.17404556274414062,
39,AGG_ORACLE_FCFS,OK,7,4,3;4,7,0,0.0,10.0,20.0,20.0,12.0,4.0,4,0,0.0,0.00017404556274414062,0.17499923706054688,
39,CE_FULL,MCP_Solved,7,4,3;4,7,0,0.0,10.0,20.0,20.0,12.0,4.0,4,0,0.0,15.323508024215698,15323.509216308594,
39,CE_NAIVE,OK,7,4,3;4,7,0,0.0,10.0,20.0,20.0,12.0,4.0,4,0,0.0,0.4054138660430908,405.41720390319824,4
39,RRCE_PNE,OK,7,4,3;4,7,0,0.0,10.0,20.0,20.0,12.0,4.0,4,2,1.0,0.40041017532348633,400.41399002075195,4
40,GREEDY_CENTRALIZED,OK,7,5,3;4,7,0,0.0,10.0,20.0,20.0,16.0,4.0,3,0,0.0,0.0001881122589111328,0.19097328186035156,
40,AGG_ORACLE_FCFS,OK,7,5,3;4,7,0,0.0,10.0,20.0,20.0,28.0,4.0,3,0,0.0,0.00017595291137695312,0.17690658569335938,
40,CE_FULL,MCP_Solved,7,5,3;4,7,0,0.0,10.0,20.0,20.0,24.0,4.0,4,0,0.0,15.837301969528198,15837.302923202515,
40,CE_NAIVE,OK,7,5,3;4,7,0,0.0,10.0,20.0,20.0,24.0,4.0,4,0,0.0,0.5809330940246582,580.935001373291,2
40,RRCE_PNE,OK,7,5,3;4,7,0,0.0,10.0,20.0,20.0,24.0,4.0,4,0,0.0,0.5714519023895264,571.4800357818604,2
41,GREEDY_CENTRALIZED,OK,7,5,3;4,7,0,0.0,10.0,20.0,20.0,12.0,4.0,4,0,0.0,0.00013494491577148438,0.1380443572998047,
41,AGG_ORACLE_FCFS,OK,7,5,3;4,7,0,0.0,10.0,20.0,20.0,12.0,4.0,4,0,0.0,0.0001461505889892578,0.14710426330566406,
41,CE_FULL,MCP_Solved,7,5,3;4,7,0,0.0,10.0,20.0,20.0,79.0,4.0,7,2,1.0,15.859678030014038,15859.678983688354,
41,CE_NAIVE,OK,7,5,3;4,7,0,0.0,10.0,20.0,20.0,15.0,2.0,5,0,0.0,0.7923731803894043,792.3760414123535,7
41,RRCE_PNE,OK,7,5,3;4,7,0,0.0,10.0,20.0,20.0,15.0,2.0,5,0,0.0,0.7974691390991211,797.4741458892822,7
42,GREEDY_CENTRALIZED,OK,7,5,3;4,7,0,0.0,10.0,20.0,20.0,12.0,4.0,4,0,0.0,0.0001678466796875,0.1709461212158203,
42,AGG_ORACLE_FCFS,OK,7,5,3;4,7,0,0.0,10.0,20.0,20.0,12.0,4.0,4,0,0.0,0.00016498565673828125,0.1659393310546875,
42,CE_FULL,MCP_Solved,7,5,3;4,7,0,0.0,10.0,20.0,20.0,15.0,4.0,5,1,1.0,16.028074979782104,16028.076887130737,
42,CE_NAIVE,OK,7,5,3;4,7,0,0.0,10.0,20.0,20.0,15.0,2.0,5,2,1.0,0.7459800243377686,745.9838390350342,6
42,RRCE_PNE,OK,7,5,3;4,7,0,0.0,10.0,20.0,20.0,15.0,4.0,5,0,0.0,0.748603105545044,748.6059665679932,6
43,GREEDY_CENTRALIZED,OK,7,4,3;4,7,0,0.0,10.0,20.0,20.0,12.0,4.0,4,0,0.0,0.00015211105346679688,0.15401840209960938,
43,AGG_ORACLE_FCFS,OK,7,4,3;4,7,0,0.0,10.0,20.0,20.0,12.0,4.0,4,0,0.0,0.0001728534698486328,0.17404556274414062,
43,CE_FULL,MCP_Solved,7,4,3;4,7,0,0.0,10.0,20.0,20.0,12.0,2.6666666666666665,4,4,1.0,18.866281986236572,18866.28293991089,
43,CE_NAIVE,OK,7,4,3;4,7,0,0.0,10.0,20.0,20.0,15.0,2.0,5,0,0.0,0.6123039722442627,612.3061180114746,4
43,RRCE_PNE,OK,7,4,3;4,7,0,0.0,10.0,20.0,20.0,15.0,4.0,5,0,0.0,0.6077249050140381,607.7299118041992,4
44,GREEDY_CENTRALIZED,OK,7,4,3;4,7,0,0.0,10.0,20.0,20.0,12.0,2.6666666666666665,4,0,0.0,0.0001251697540283203,0.1270771026611328,
44,AGG_ORACLE_FCFS,OK,7,4,3;4,7,0,0.0,10.0,20.0,20.0,22.0,4.0,4,0,0.0,0.0001418590545654297,0.14281272888183594,
44,CE_FULL,MCP_Solved,7,4,3;4,7,0,0.0,10.0,20.0,20.0,12.0,2.6666666666666665,4,2,1.0,17.856530904769897,17856.53305053711,
44,CE_NAIVE,OK,7,4,3;4,7,0,0.0,10.0,20.0,20.0,12.0,2.6666666666666665,4,0,0.0,0.4140000343322754,414.0031337738037,4
44,RRCE_PNE,OK,7,4,3;4,7,0,0.0,10.0,20.0,20.0,12.0,2.6666666666666665,4,0,0.0,0.41390299797058105,413.91897201538086,4
45,GREEDY_CENTRALIZED,OK,7,4,3;4,7,0,0.0,10.0,20.0,20.0,12.0,4.0,4,0,0.0,0.00017118453979492188,0.17404556274414062,
45,AGG_ORACLE_FCFS,OK,7,4,3;4,7,0,0.0,10.0,20.0,20.0,22.0,4.0,4,0,0.0,0.000164031982421875,0.16498565673828125,
45,CE_FULL,MCP_Solved,7,4,3;4,7,0,0.0,10.0,20.0,20.0,12.0,4.0,4,0,0.0,19.50104308128357,19501.044034957886,
45,CE_NAIVE,OK,7,4,3;4,7,0,0.0,10.0,20.0,20.0,12.0,4.0,4,0,0.0,0.36924099922180176,369.243860244751,2
45,RRCE_PNE,OK,7,4,3;4,7,0,0.0,10.0,20.0,20.0,12.0,4.0,4,0,0.0,0.36833715438842773,368.34001541137695,2
46,GREEDY_CENTRALIZED,OK,7,5,3;4,7,0,0.0,10.0,20.0,20.0,12.0,4.0,4,0,0.0,0.00014281272888183594,0.14495849609375,
46,AGG_ORACLE_FCFS,OK,7,5,3;4,7,0,0.0,10.0,20.0,20.0,12.0,4.0,4,0,0.0,0.00016689300537109375,0.1678466796875,
46,CE_FULL,MCP_Solved,7,5,3;4,7,0,0.0,10.0,20.0,20.0,12.0,4.0,4,0,0.0,16.073796033859253,16073.79698753357,
46,CE_NAIVE,OK,7,5,3;4,7,0,0.0,10.0,20.0,20.0,12.0,4.0,4,0,0.0,0.41840505599975586,418.4069633483887,3
46,RRCE_PNE,OK,7,5,3;4,7,0,0.0,10.0,20.0,20.0,12.0,4.0,4,2,1.0,0.41672205924987793,416.72492027282715,3
47,GREEDY_CENTRALIZED,OK,7,4,3;4,7,0,0.0,10.0,20.0,20.0,16.0,4.0,3,0,0.0,0.0001201629638671875,0.1220703125,
47,AGG_ORACLE_FCFS,OK,7,4,3;4,7,0,0.0,10.0,20.0,20.0,16.0,4.0,3,0,0.0,0.00011396408081054688,0.11396408081054688,
47,CE_FULL,MCP_Solved,7,4,3;4,7,0,0.0,10.0,20.0,20.0,24.0,5.0,4,0,0.0,20.04426598548889,20044.266939163208,
47,CE_NAIVE,OK,7,4,3;4,7,0,0.0,10.0,20.0,20.0,24.0,5.0,4,0,0.0,0.3389439582824707,338.94801139831543,1
47,RRCE_PNE,OK,7,4,3;4,7,0,0.0,10.0,20.0,20.0,24.0,5.0,4,0,0.0,0.335892915725708,335.8960151672363,1
48,GREEDY_CENTRALIZED,OK,7,4,3;4,7,0,0.0,10.0,20.0,20.0,20.0,2.666666666666667,2,0,0.0,0.00012803077697753906,0.12993812561035156,
48,AGG_ORACLE_FCFS,OK,7,4,3;4,7,0,0.0,10.0,20.0,20.0,20.0,2.666666666666667,2,0,0.0,0.00012493133544921875,0.125885009765625,
48,CE_FULL,MCP_Solved,7,4,3;4,7,0,0.0,10.0,20.0,20.0,30.0,4.0,3,1,1.0,17.763336181640625,17763.338088989258,
48,CE_NAIVE,OK,7,4,3;4,7,0,0.0,10.0,20.0,20.0,30.0,4.0,3,1,1.0,0.601193904876709,601.1970043182373,4
48,RRCE_PNE,OK,7,4,3;4,7,0,0.0,10.0,20.0,20.0,20.0,4.0,2,0,0.0,0.6015059947967529,601.5081405639648,4
49,GREEDY_CENTRALIZED,OK,7,5,3;4,7,0,0.0,10.0,20.0,20.0,12.0,4.0,4,0,0.0,0.0001499652862548828,0.15211105346679688,
49,AGG_ORACLE_FCFS,OK,7,5,3;4,7,0,0.0,10.0,20.0,20.0,12.0,4.0,4,0,0.0,0.00015306472778320312,0.15306472778320312,
49,CE_FULL,MCP_Solved,7,5,3;4,7,0,0.0,10.0,20.0,20.0,93.0,3.0,7,2,1.0,17.332843780517578,17332.844972610474,
49,CE_NAIVE,OK,7,5,3;4,7,0,0.0,10.0,20.0,20.0,25.0,1.0,5,0,0.0,0.3850891590118408,385.09106636047363,1
49,RRCE_PNE,OK,7,5,3;4,7,0,0.0,10.0,20.0,20.0,25.0,1.0,5,0,0.0,0.3828239440917969,382.8268051147461,1
50,GREEDY_CENTRALIZED,OK,7,4,3;4,7,0,0.0,10.0,20.0,20.0,12.0,4.0,4,0,0.0,0.0001862049102783203,0.1881122589111328,
50,AGG_ORACLE_FCFS,OK,7,4,3;4,7,0,0.0,10.0,20.0,20.0,28.0,0.0,4,0,0.0,0.00014591217041015625,0.14710426330566406,
50,CE_FULL,MCP_Solved,7,4,3;4,7,0,0.0,10.0,20.0,20.0,15.0,4.0,5,1,1.0,16.65988802909851,16659.888982772827,
50,CE_NAIVE,OK,7,4,3;4,7,0,0.0,10.0,20.0,20.0,15.0,2.0,5,0,0.0,0.6912820339202881,691.2839412689209,6
50,RRCE_PNE,OK,7,4,3;4,7,0,0.0,10.0,20.0,20.0,15.0,2.0,5,2,1.0,0.6903789043426514,690.3808116912842,6
51,GREEDY_CENTRALIZED,OK,7,3,3;4,7,0,0.0,10.0,20.0,20.0,12.0,4.0,4,0,0.0,0.0001342296600341797,0.13709068298339844,
51,AGG_ORACLE_FCFS,OK,7,3,3;4,7,0,0.0,10.0,20.0,20.0,12.0,4.0,4,0,0.0,0.00012111663818359375,0.1220703125,
51,CE_FULL,MCP_Solved,7,3,3;4,7,0,0.0,10.0,20.0,20.0,12.0,2.6666666666666665,4,0,0.0,19.25018000602722,19250.18000602722,
51,CE_NAIVE,OK,7,3,3;4,7,0,0.0,10.0,20.0,20.0,15.0,1.3333333333333335,5,2,1.0,0.6235628128051758,623.5661506652832,6
51,RRCE_PNE,OK,7,3,3;4,7,0,0.0,10.0,20.0,20.0,15.0,1.3333333333333335,5,2,1.0,0.6206929683685303,620.6960678100586,6
52,GREEDY_CENTRALIZED,OK,7,4,3;4,7,0,0.0,10.0,20.0,20.0,12.0,4.0,4,0,0.0,0.0001571178436279297,0.1609325408935547,
52,AGG_ORACLE_FCFS,OK,7,4,3;4,7,0,0.0,10.0,20.0,20.0,12.0,4.0,4,0,0.0,0.00016307830810546875,0.16498565673828125,
52,CE_FULL,MCP_Solved,7,4,3;4,7,0,0.0,10.0,20.0,20.0,12.0,4.0,4,0,0.0,15.459104061126709,15459.104061126709,
52,CE_NAIVE,OK,7,4,3;4,7,0,0.0,10.0,20.0,20.0,12.0,4.0,4,0,0.0,0.41388511657714844,413.88821601867676,4
52,RRCE_PNE,OK,7,4,3;4,7,0,0.0,10.0,20.0,20.0,12.0,4.0,4,2,1.0,0.412247896194458,412.2509956359863,4
53,GREEDY_CENTRALIZED,OK,7,3,3;4,7,0,0.0,10.0,20.0,20.0,12.0,4.0,4,0,0.0,0.00019097328186035156,0.19288063049316406,
53,AGG_ORACLE_FCFS,OK,7,3,3;4,7,0,0.0,10.0,20.0,20.0,12.0,4.0,4,0,0.0,0.00021004676818847656,0.2110004425048828,
53,CE_FULL,MCP_Solved,7,3,3;4,7,0,0.0,10.0,20.0,20.0,15.0,2.0,5,1,1.0,19.094598054885864,19094.599962234497,
53,CE_NAIVE,OK,7,3,3;4,7,0,0.0,10.0,20.0,20.0,15.0,2.0,5,0,0.0,0.628485918045044,628.5009384155273,6
53,RRCE_PNE,OK,7,3,3;4,7,0,0.0,10.0,20.0,20.0,15.0,2.0,5,2,1.0,0.6172189712524414,617.2208786010742,6
54,GREEDY_CENTRALIZED,OK,7,5,3;4,7,0,0.0,10.0,20.0,20.0,12.0,4.0,4,0,0.0,0.0001609325408935547,0.164031982421875,
54,AGG_ORACLE_FCFS,OK,7,5,3;4,7,0,0.0,10.0,20.0,20.0,20.0,4.0,4,0,0.0,0.0001499652862548828,0.1518726348876953,
54,CE_FULL,MCP_Solved,7,5,3;4,7,0,0.0,10.0,20.0,20.0,15.0,4.0,5,1,1.0,17.777775049209595,17777.775049209595,
54,CE_NAIVE,OK,7,5,3;4,7,0,0.0,10.0,20.0,20.0,15.0,4.0,5,0,0.0,0.7517449855804443,751.7490386962891,6
54,RRCE_PNE,OK,7,5,3;4,7,0,0.0,10.0,20.0,20.0,15.0,4.0,5,0,0.0,0.7577309608459473,757.7331066131592,6
55,GREEDY_CENTRALIZED,OK,7,4,3;4,7,0,0.0,10.0,20.0,20.0,12.0,4.0,4,0,0.0,0.0001690387725830078,0.17309188842773438,
55,AGG_ORACLE_FCFS,OK,7,4,3;4,7,0,0.0,10.0,20.0,20.0,22.0,5.0,4,0,0.0,0.0001678466796875,0.16880035400390625,
55,CE_FULL,MCP_Solved,7,4,3;4,7,0,0.0,10.0,20.0,20.0,12.0,2.6666666666666665,4,0,0.0,19.661043167114258,19661.04507446289,
55,CE_NAIVE,OK,7,4,3;4,7,0,0.0,10.0,20.0,20.0,12.0,2.6666666666666665,4,0,0.0,0.3276028633117676,327.606201171875,1
55,RRCE_PNE,OK,7,4,3;4,7,0,0.0,10.0,20.0,20.0,12.0,2.6666666666666665,4,0,0.0,0.32654404640197754,326.54714584350586,1
56,GREEDY_CENTRALIZED,OK,7,4,3;4,7,0,0.0,10.0,20.0,20.0,12.0,4.0,4,0,0.0,0.00016689300537109375,0.16999244689941406,
56,AGG_ORACLE_FCFS,OK,7,4,3;4,7,0,0.0,10.0,20.0,20.0,20.0,4.666666666666667,4,0,0.0,0.00013589859008789062,0.13685226440429688,
56,CE_FULL,MCP_Solved,7,4,3;4,7,0,0.0,10.0,20.0,20.0,15.0,2.0,5,1,1.0,18.469676971435547,18469.676971435547,
56,CE_NAIVE,OK,7,4,3;4,7,0,0.0,10.0,20.0,20.0,15.0,2.0,5,2,1.0,0.6822690963745117,682.2731494903564,6
56,RRCE_PNE,OK,7,4,3;4,7,0,0.0,10.0,20.0,20.0,15.0,2.0,5,2,1.0,0.68709397315979,687.0970726013184,6
57,GREEDY_CENTRALIZED,OK,7,5,3;4,7,0,0.0,10.0,20.0,20.0,16.0,4.0,3,0,0.0,0.00016117095947265625,0.16307830810546875,
57,AGG_ORACLE_FCFS,OK,7,5,3;4,7,0,0.0,10.0,20.0,20.0,16.0,4.0,3,0,0.0,0.00015497207641601562,0.1690387725830078,
57,CE_FULL,MCP_Solved,7,5,3;4,7,0,0.0,10.0,20.0,20.0,24.0,6.0,4,0,0.0,19.14473581314087,19144.73795890808,
57,CE_NAIVE,OK,7,5,3;4,7,0,0.0,10.0,20.0,20.0,24.0,6.0,4,0,0.0,0.37232494354248047,372.3268508911133,1
57,RRCE_PNE,OK,7,5,3;4,7,0,0.0,10.0,20.0,20.0,24.0,6.0,4,0,0.0,0.37277698516845703,372.78008460998535,1
58,GREEDY_CENTRALIZED,OK,7,5,3;4,7,0,0.0,10.0,20.0,20.0,12.0,4.0,4,0,0.0,0.00013494491577148438,0.13780593872070312,
58,AGG_ORACLE_FCFS,OK,7,5,3;4,7,0,0.0,10.0,20.0,20.0,12.0,4.0,4,0,0.0,0.00012493133544921875,0.12612342834472656,
58,CE_FULL,MCP_Solved,7,5,3;4,7,0,0.0,10.0,20.0,20.0,40.0,3.0,6,1,1.0,16.547577142715454,16547.579050064087,
58,CE_NAIVE,OK,7,5,3;4,7,0,0.0,10.0,20.0,20.0,15.0,4.0,5,0,0.0,0.8061258792877197,806.1280250549316,7
58,RRCE_PNE,OK,7,5,3;4,7,0,0.0,10.0,20.0,20.0,15.0,4.0,5,0,0.0,0.8074831962585449,807.4860572814941,7
59,GREEDY_CENTRALIZED,OK,7,4,3;4,7,0,0.0,10.0,20.0,20.0,12.0,4.0,4,0,0.0,0.0001571178436279297,0.1609325408935547,
59,AGG_ORACLE_FCFS,OK,7,4,3;4,7,0,0.0,10.0,20.0,20.0,12.0,4.0,4,0,0.0,0.00015401840209960938,0.15497207641601562,
59,CE_FULL,MCP_Solved,7,4,3;4,7,0,0.0,10.0,20.0,20.0,12.0,2.0,4,0,0.0,17.544899940490723,17544.901132583618,
59,CE_NAIVE,OK,7,4,3;4,7,0,0.0,10.0,20.0,20.0,15.0,2.0,5,0,0.0,0.6222360134124756,622.2391128540039,4
59,RRCE_PNE,OK,7,4,3;4,7,0,0.0,10.0,20.0,20.0,15.0,2.0,5,0,0.0,0.6293721199035645,629.3749809265137,4
60,GREEDY_CENTRALIZED,OK,7,4,3;4,7,0,0.0,10.0,20.0,20.0,12.0,4.0,4,0,0.0,0.0001609325408935547,0.1628398895263672,
60,AGG_ORACLE_FCFS,OK,7,4,3;4,7,0,0.0,10.0,20.0,20.0,12.0,4.0,4,0,0.0,0.00015401840209960938,0.15497207641601562,
60,CE_FULL,MCP_Solved,7,4,3;4,7,0,0.0,10.0,20.0,20.0,15.0,4.0,5,0,0.0,19.255271911621094,19255.27286529541,
60,CE_NAIVE,OK,7,4,3;4,7,0,0.0,10.0,20.0,20.0,15.0,4.0,5,0,0.0,0.9419989585876465,942.0008659362793,12
60,RRCE_PNE,OK,7,4,3;4,7,0,0.0,10.0,20.0,20.0,15.0,2.0,5,0,0.0,0.9007430076599121,900.7461071014404,12
61,GREEDY_CENTRALIZED,OK,7,4,3;4,7,0,0.0,10.0,20.0,20.0,12.0,4.0,4,0,0.0,0.00017213821411132812,0.17404556274414062,
61,AGG_ORACLE_FCFS,OK,7,4,3;4,7,0,0.0,10.0,20.0,20.0,18.0,4.0,4,0,0.0,0.0001418590545654297,0.1430511474609375,
61,CE_FULL,MCP_Solved,7,4,3;4,7,0,0.0,10.0,20.0,20.0,77.0,0.0,7,3,1.0,18.818074941635132,18818.07589530945,
61,CE_NAIVE,OK,7,4,3;4,7,0,0.0,10.0,20.0,20.0,15.0,2.0,5,0,0.0,1.404926061630249,1404.9279689788818,6
61,RRCE_PNE,OK,7,4,3;4,7,0,0.0,10.0,20.0,20.0,15.0,2.0,5,0,0.0,0.6896629333496094,689.6650791168213,6
62,GREEDY_CENTRALIZED,OK,7,3,3;4,7,0,0.0,10.0,20.0,20.0,12.0,2.6666666666666665,4,0,0.0,0.000125885009765625,0.12803077697753906,
62,AGG_ORACLE_FCFS,OK,7,3,3;4,7,0,0.0,10.0,20.0,20.0,22.0,2.0,4,0,0.0,0.00011301040649414062,0.11301040649414062,
62,CE_FULL,MCP_Solved,7,3,3;4,7,0,0.0,10.0,20.0,20.0,12.0,2.6666666666666665,4,0,0.0,19.586912155151367,19586.9300365448,
62,CE_NAIVE,OK,7,3,3;4,7,0,0.0,10.0,20.0,20.0,12.0,0.6666666666666667,4,0,0.0,0.4321880340576172,432.18994140625,5
62,RRCE_PNE,OK,7,3,3;4,7,0,0.0,10.0,20.0,20.0,12.0,4.0,4,0,0.0,0.40813612937927246,408.1380367279053,5
63,GREEDY_CENTRALIZED,OK,7,4,3;4,7,0,0.0,10.0,20.0,20.0,12.0,4.0,4,0,0.0,0.00015211105346679688,0.15306472778320312,
63,AGG_ORACLE_FCFS,OK,7,4,3;4,7,0,0.0,10.0,20.0,20.0,12.0,4.0,4,0,0.0,0.00015592575073242188,0.15687942504882812,
63,CE_FULL,MCP_Solved,7,4,3;4,7,0,0.0,10.0,20.0,20.0,15.0,2.0,5,1,1.0,16.811930894851685,16811.930894851685,
63,CE_NAIVE,OK,7,4,3;4,7,0,0.0,10.0,20.0,20.0,15.0,2.0,5,2,1.0,0.7118959426879883,711.8990421295166,6
63,RRCE_PNE,OK,7,4,3;4,7,0,0.0,10.0,20.0,20.0,15.0,4.0,5,0,0.0,0.7005798816680908,700.5839347839355,6
64,GREEDY_CENTRALIZED,OK,7,4,3;4,7,0,0.0,10.0,20.0,20.0,12.0,4.0,4,0,0.0,0.0001800060272216797,0.1819133758544922,
64,AGG_ORACLE_FCFS,OK,7,4,3;4,7,0,0.0,10.0,20.0,20.0,20.0,4.0,4,0,0.0,0.000164031982421875,0.16498565673828125,
64,CE_FULL,MCP_Solved,7,4,3;4,7,0,0.0,10.0,20.0,20.0,12.0,4.0,4,2,1.0,19.196895837783813,19196.89702987671,
64,CE_NAIVE,OK,7,4,3;4,7,0,0.0,10.0,20.0,20.0,15.0,2.0,5,0,0.0,0.6134560108184814,613.4600639343262,4
64,RRCE_PNE,OK,7,4,3;4,7,0,0.0,10.0,20.0,20.0,15.0,2.0,5,0,0.0,0.6114950180053711,611.4990711212158,4
65,GREEDY_CENTRALIZED,OK,7,5,3;4,7,0,0.0,10.0,20.0,20.0,12.0,4.0,4,0,0.0,0.00015401840209960938,0.15687942504882812,
65,AGG_ORACLE_FCFS,OK,7,5,3;4,7,0,0.0,10.0,20.0,20.0,12.0,4.0,4,0,0.0,0.00015020370483398438,0.15115737915039062,
65,CE_FULL,MCP_Solved,7,5,3;4,7,0,0.0,10.0,20.0,20.0,38.0,4.0,6,1,1.0,18.392607927322388,18392.608880996704,
65,CE_NAIVE,OK,7,5,3;4,7,0,0.0,10.0,20.0,20.0,15.0,4.0,5,0,0.0,0.8680629730224609,868.0660724639893,8
65,RRCE_PNE,OK,7,5,3;4,7,0,0.0,10.0,20.0,20.0,15.0,4.0,5,0,0.0,0.8584418296813965,858.4439754486084,8
66,GREEDY_CENTRALIZED,OK,7,4,3;4,7,0,0.0,10.0,20.0,20.0,12.0,4.0,4,0,0.0,0.0002181529998779297,0.2200603485107422,
66,AGG_ORACLE_FCFS,OK,7,4,3;4,7,0,0.0,10.0,20.0,20.0,12.0,4.0,4,0,0.0,0.00018215179443359375,0.18310546875,
66,CE_FULL,MCP_Solved,7,4,3;4,7,0,0.0,10.0,20.0,20.0,12.0,4.0,4,0,0.0,19.16449785232544,19164.499044418335,
66,CE_NAIVE,OK,7,4,3;4,7,0,0.0,10.0,20.0,20.0,15.0,2.0,5,0,0.0,0.817547082901001,817.5499439239502,9
66,RRCE_PNE,OK,7,4,3;4,7,0,0.0,10.0,20.0,20.0,15.0,2.6666666666666665,5,0,0.0,0.8087539672851562,808.7570667266846,9
67,GREEDY_CENTRALIZED,OK,7,3,3;4,7,0,0.0,10.0,20.0,20.0,12.0,4.0,4,0,0.0,0.0001628398895263672,0.1659393310546875,
67,AGG_ORACLE_FCFS,OK,7,3,3;4,7,0,0.0,10.0,20.0,20.0,20.0,3.0,4,0,0.0,0.0001380443572998047,0.13899803161621094,
67,CE_FULL,MCP_Solved,7,3,3;4,7,0,0.0,10.0,20.0,20.0,12.0,4.0,4,0,0.0,20.457751035690308,20457.75294303894,
67,CE_NAIVE,OK,7,3,3;4,7,0,0.0,10.0,20.0,20.0,12.0,4.0,4,0,0.0,0.33931803703308105,339.3220901489258,2
67,RRCE_PNE,OK,7,3,3;4,7,0,0.0,10.0,20.0,20.0,12.0,2.6666666666666665,4,0,0.0,0.3291900157928467,329.1921615600586,2
68,GREEDY_CENTRALIZED,OK,7,4,3;4,7,0,0.0,10.0,20.0,20.0,12.0,4.0,4,0,0.0,0.0002560615539550781,0.2589225769042969,
68,AGG_ORACLE_FCFS,OK,7,4,3;4,7,0,0.0,10.0,20.0,20.0,12.0,4.0,4,0,0.0,0.00026297569274902344,0.2639293670654297,
68,CE_FULL,MCP_Solved,7,4,3;4,7,0,0.0,10.0,20.0,20.0,40.0,2.666666666666667,6,3,1.0,19.533523082733154,19533.52403640747,
68,CE_NAIVE,OK,7,4,3;4,7,0,0.0,10.0,20.0,20.0,15.0,4.0,5,0,0.0,0.4219238758087158,421.92578315734863,3
68,RRCE_PNE,OK,7,4,3;4,7,0,0.0,10.0,20.0,20.0,15.0,4.0,5,0,0.0,0.42832088470458984,428.33685874938965,3
69,GREEDY_CENTRALIZED,OK,7,5,3;4,7,0,0.0,10.0,20.0,20.0,12.0,4.0,4,0,0.0,0.00014090538024902344,0.14400482177734375,
69,AGG_ORACLE_FCFS,OK,7,5,3;4,7,0,0.0,10.0,20.0,20.0,12.0,4.0,4,0,0.0,0.00014519691467285156,0.1461505889892578,
69,CE_FULL,MCP_Solved,7,5,3;4,7,0,0.0,10.0,20.0,20.0,52.0,6.0,6,2,1.0,16.619388103485107,16619.389057159424,
69,CE_NAIVE,OK,7,5,3;4,7,0,0.0,10.0,20.0,20.0,25.0,1.0,5,0,0.0,1.047334909439087,1047.3380088806152,12
69,RRCE_PNE,OK,7,5,3;4,7,0,0.0,10.0,20.0,20.0,25.0,1.0,5,0,0.0,1.0589721202850342,1058.9749813079834,12
70,GREEDY_CENTRALIZED,OK,7,4,3;4,7,0,0.0,10.0,20.0,20.0,12.0,4.0,4,0,0.0,0.00016117095947265625,0.16307830810546875,
70,AGG_ORACLE_FCFS,OK,7,4,3;4,7,0,0.0,10.0,20.0,20.0,12.0,4.0,4,0,0.0,0.00015997886657714844,0.16117095947265625,
70,CE_FULL,MCP_Solved,7,4,3;4,7,0,0.0,10.0,20.0,20.0,12.0,4.0,4,2,1.0,19.339508056640625,19339.50901031494,
70,CE_NAIVE,OK,7,4,3;4,7,0,0.0,10.0,20.0,20.0,15.0,2.0,5,0,0.0,0.6207981109619141,620.8009719848633,4
70,RRCE_PNE,OK,7,4,3;4,7,0,0.0,10.0,20.0,20.0,15.0,2.0,5,0,0.0,0.6186630725860596,618.6649799346924,4
71,GREEDY_CENTRALIZED,OK,7,4,3;4,7,0,0.0,10.0,20.0,20.0,12.0,4.0,4,0,0.0,0.00016999244689941406,0.1728534698486328,
71,AGG_ORACLE_FCFS,OK,7,4,3;4,7,0,0.0,10.0,20.0,20.0,12.0,4.0,4,0,0.0,0.0001499652862548828,0.1499652862548828,
71,CE_FULL,MCP_Solved,7,4,3;4,7,0,0.0,10.0,20.0,20.0,12.0,2.6666666666666665,4,0,0.0,19.580464124679565,19580.464124679565,
71,CE_NAIVE,OK,7,4,3;4,7,0,0.0,10.0,20.0,20.0,12.0,2.6666666666666665,4,0,0.0,0.36606693267822266,366.0709857940674,2
71,RRCE_PNE,OK,7,4,3;4,7,0,0.0,10.0,20.0,20.0,25.0,3.0,5,1,1.0,0.3714439868927002,371.4470863342285,2
72,GREEDY_CENTRALIZED,OK,7,4,3;4,7,0,0.0,10.0,20.0,20.0,20.0,4.0,2,0,0.0,0.00013303756713867188,0.13494491577148438,
72,AGG_ORACLE_FCFS,OK,7,4,3;4,7,0,0.0,10.0,20.0,20.0,20.0,4.0,2,0,0.0,0.00012087821960449219,0.12087821960449219,
72,CE_FULL,MCP_Solved,7,4,3;4,7,0,0.0,10.0,20.0,20.0,30.0,4.0,3,0,0.0,19.767491102218628,19767.492055892944,
72,CE_NAIVE,OK,7,4,3;4,7,0,0.0,10.0,20.0,20.0,30.0,4.0,3,0,0.0,0.34461021423339844,344.61212158203125,1
72,RRCE_PNE,OK,7,4,3;4,7,0,0.0,10.0,20.0,20.0,30.0,4.0,3,0,0.0,0.3421041965484619,342.1061038970947,1
73,GREEDY_CENTRALIZED,OK,7,5,3;4,7,0,0.0,10.0,20.0,20.0,12.0,4.0,4,0,0.0,0.00014400482177734375,0.14591217041015625,
73,AGG_ORACLE_FCFS,OK,7,5,3;4,7,0,0.0,10.0,20.0,20.0,12.0,4.0,4,0,0.0,0.00013113021850585938,0.13208389282226562,
73,CE_FULL,MCP_Solved,7,5,3;4,7,0,0.0,10.0,20.0,20.0,12.0,4.0,4,0,0.0,16.831228017807007,16831.228971481323,
73,CE_NAIVE,OK,7,5,3;4,7,0,0.0,10.0,20.0,20.0,12.0,4.0,4,0,0.0,0.36939215660095215,369.39406394958496,1
73,RRCE_PNE,OK,7,5,3;4,7,0,0.0,10.0,20.0,20.0,12.0,4.0,4,0,0.0,0.36716413497924805,367.1679496765137,1
74,GREEDY_CENTRALIZED,OK,7,4,3;4,7,0,0.0,10.0,20.0,20.0,12.0,4.0,4,0,0.0,0.000164031982421875,0.1659393310546875,
74,AGG_ORACLE_FCFS,OK,7,4,3;4,7,0,0.0,10.0,20.0,20.0,28.0,0.0,4,0,0.0,0.00015592575073242188,0.15687942504882812,
74,CE_FULL,MCP_Solved,7,4,3;4,7,0,0.0,10.0,20.0,20.0,12.0,4.0,4,0,0.0,35.4675669670105,35467.56887435913,
74,CE_NAIVE,OK,7,4,3;4,7,0,0.0,10.0,20.0,20.0,15.0,2.0,5,0,0.0,0.43028903007507324,430.29093742370605,3
74,RRCE_PNE,OK,7,4,3;4,7,0,0.0,10.0,20.0,20.0,15.0,2.0,5,0,0.0,0.4248921871185303,424.8940944671631,3
75,GREEDY_CENTRALIZED,OK,7,4,3;4,7,0,0.0,10.0,20.0,20.0,16.0,4.0,3,0,0.0,0.00012803077697753906,0.13017654418945312,
75,AGG_ORACLE_FCFS,OK,7,4,3;4,7,0,0.0,10.0,20.0,20.0,16.0,4.0,3,0,0.0,0.00012993812561035156,0.12993812561035156,
75,CE_FULL,MCP_Solved,7,4,3;4,7,0,0.0,10.0,20.0,20.0,39.0,4.0,5,1,1.0,17.381558895111084,17381.56008720398,
75,CE_NAIVE,OK,7,4,3;4,7,0,0.0,10.0,20.0,20.0,24.0,2.0,4,0,0.0,0.440842866897583,440.8459663391113,3
75,RRCE_PNE,OK,7,4,3;4,7,0,0.0,10.0,20.0,20.0,24.0,2.0,4,0,0.0,0.4294700622558594,429.4719696044922,3
76,GREEDY_CENTRALIZED,OK,7,4,3;4,7,0,0.0,10.0,20.0,20.0,12.0,4.0,4,0,0.0,0.0001671314239501953,0.16999244689941406,
76,AGG_ORACLE_FCFS,OK,7,4,3;4,7,0,0.0,10.0,20.0,20.0,12.0,4.0,4,0,0.0,0.0001571178436279297,0.15807151794433594,
76,CE_FULL,MCP_Solved,7,4,3;4,7,0,0.0,10.0,20.0,20.0,12.0,2.0,4,0,0.0,17.891912937164307,17891.913890838623,
76,CE_NAIVE,OK,7,4,3;4,7,0,0.0,10.0,20.0,20.0,12.0,4.0,4,0,0.0,0.6185970306396484,618.5989379882812,5
76,RRCE_PNE,OK,7,4,3;4,7,0,0.0,10.0,20.0,20.0,12.0,2.0,4,0,0.0,0.6020090579986572,602.01096534729,5
77,GREEDY_CENTRALIZED,OK,7,4,3;4,7,0,0.0,10.0,20.0,20.0,12.0,4.0,4,0,0.0,0.0001499652862548828,0.1518726348876953,
77,AGG_ORACLE_FCFS,OK,7,4,3;4,7,0,0.0,10.0,20.0,20.0,12.0,4.0,4,0,0.0,0.00015401840209960938,0.15497207641601562,
77,CE_FULL,MCP_Solved,7,4,3;4,7,0,0.0,10.0,20.0,20.0,15.0,2.0,5,1,1.0,17.63508892059326,17635.091066360474,
77,CE_NAIVE,OK,7,4,3;4,7,0,0.0,10.0,20.0,20.0,15.0,2.0,5,0,0.0,0.8518028259277344,851.8059253692627,10
77,RRCE_PNE,OK,7,4,3;4,7,0,0.0,10.0,20.0,20.0,15.0,2.0,5,0,0.0,0.8522670269012451,852.269172668457,10
78,GREEDY_CENTRALIZED,OK,7,5,3;4,7,0,0.0,10.0,20.0,20.0,12.0,4.0,4,0,0.0,0.0001590251922607422,0.1621246337890625,
78,AGG_ORACLE_FCFS,OK,7,5,3;4,7,0,0.0,10.0,20.0,20.0,12.0,4.0,4,0,0.0,0.00015997886657714844,0.15997886657714844,
78,CE_FULL,MCP_Solved,7,5,3;4,7,0,0.0,10.0,20.0,20.0,40.0,6.0,6,1,1.0,16.356466054916382,16356.466054916382,
78,CE_NAIVE,OK,7,5,3;4,7,0,0.0,10.0,20.0,20.0,15.0,4.0,5,0,0.0,0.8374378681182861,837.4419212341309,7
78,RRCE_PNE,OK,7,5,3;4,7,0,0.0,10.0,20.0,20.0,15.0,2.0,5,0,0.0,0.8240108489990234,824.0129947662354,7
79,GREEDY_CENTRALIZED,OK,7,4,3;4,7,0,0.0,10.0,20.0,20.0,12.0,4.0,4,0,0.0,0.0001499652862548828,0.15306472778320312,
79,AGG_ORACLE_FCFS,OK,7,4,3;4,7,0,0.0,10.0,20.0,20.0,12.0,4.0,4,0,0.0,0.0001678466796875,0.1690387725830078,
79,CE_FULL,MCP_Solved,7,4,3;4,7,0,0.0,10.0,20.0,20.0,23.0,3.0,5,3,1.0,19.444789171218872,19444.79012489319,
79,CE_NAIVE,OK,7,4,3;4,7,0,0.0,10.0,20.0,20.0,15.0,4.0,5,0,0.0,0.9391469955444336,939.1489028930664,12
79,RRCE_PNE,OK,7,4,3;4,7,0,0.0,10.0,20.0,20.0,15.0,2.0,5,0,0.0,0.9406261444091797,940.6290054321289,12
80,GREEDY_CENTRALIZED,OK,7,3,3;4,7,0,0.0,10.0,20.0,20.0,12.0,2.6666666666666665,4,0,0.0,0.00015616416931152344,0.15807151794433594,
80,AGG_ORACLE_FCFS,OK,7,3,3;4,7,0,0.0,10.0,20.0,20.0,22.0,4.0,4,0,0.0,0.0001399517059326172,0.14090538024902344,
80,CE_FULL,MCP_Solved,7,3,3;4,7,0,0.0,10.0,20.0,20.0,12.0,2.6666666666666665,4,2,1.0,21.682069063186646,21682.071924209595,
80,CE_NAIVE,OK,7,3,3;4,7,0,0.0,10.0,20.0,20.0,12.0,2.6666666666666665,4,0,0.0,0.3774268627166748,377.43115425109863,4
80,RRCE_PNE,OK,7,3,3;4,7,0,0.0,10.0,20.0,20.0,12.0,2.6666666666666665,4,2,1.0,0.37653112411499023,376.53493881225586,4
81,GREEDY_CENTRALIZED,OK,7,4,3;4,7,0,0.0,10.0,20.0,20.0,12.0,4.0,4,0,0.0,0.00016498565673828125,0.1671314239501953,
81,AGG_ORACLE_FCFS,OK,7,4,3;4,7,0,0.0,10.0,20.0,20.0,12.0,4.0,4,0,0.0,0.00015592575073242188,0.15687942504882812,
81,CE_FULL,MCP_Solved,7,4,3;4,7,0,0.0,10.0,20.0,20.0,15.0,2.0,5,3,1.0,19.204983949661255,19204.986095428467,
81,CE_NAIVE,OK,7,4,3;4,7,0,0.0,10.0,20.0,20.0,15.0,4.0,5,0,0.0,0.807905912399292,807.9078197479248,9
81,RRCE_PNE,OK,7,4,3;4,7,0,0.0,10.0,20.0,20.0,15.0,2.0,5,0,0.0,0.8052959442138672,805.2980899810791,9
82,GREEDY_CENTRALIZED,OK,7,4,3;4,7,0,0.0,10.0,20.0,20.0,12.0,2.6666666666666665,4,0,0.0,0.00012803077697753906,0.12993812561035156,
82,AGG_ORACLE_FCFS,OK,7,4,3;4,7,0,0.0,10.0,20.0,20.0,22.0,2.0,4,0,0.0,0.00012302398681640625,0.1239776611328125,
82,CE_FULL,MCP_Solved,7,4,3;4,7,0,0.0,10.0,20.0,20.0,12.0,2.6666666666666665,4,0,0.0,18.123044967651367,18123.046159744263,
82,CE_NAIVE,OK,7,4,3;4,7,0,0.0,10.0,20.0,20.0,12.0,2.6666666666666665,4,0,0.0,0.33852291107177734,338.52601051330566,1
82,RRCE_PNE,OK,7,4,3;4,7,0,0.0,10.0,20.0,20.0,12.0,2.6666666666666665,4,0,0.0,0.3286890983581543,328.6919593811035,1
83,GREEDY_CENTRALIZED,OK,7,4,3;4,7,0,0.0,10.0,20.0,20.0,16.0,4.0,3,0,0.0,0.00016117095947265625,0.16307830810546875,
83,AGG_ORACLE_FCFS,OK,7,4,3;4,7,0,0.0,10.0,20.0,20.0,28.0,4.0,3,0,0.0,0.00015497207641601562,0.15497207641601562,
83,CE_FULL,MCP_Solved,7,4,3;4,7,0,0.0,10.0,20.0,20.0,24.0,5.0,4,0,0.0,20.264644861221313,20264.64581489563,
83,CE_NAIVE,OK,7,4,3;4,7,0,0.0,10.0,20.0,20.0,24.0,5.0,4,0,0.0,0.3495209217071533,349.52402114868164,1
83,RRCE_PNE,OK,7,4,3;4,7,0,0.0,10.0,20.0,20.0,24.0,5.0,4,0,0.0,0.34644198417663574,346.45915031433105,1
84,GREEDY_CENTRALIZED,OK,7,3,3;4,7,0,0.0,10.0,20.0,20.0,16.0,4.0,3,0,0.0,0.00017404556274414062,0.1761913299560547,
84,AGG_ORACLE_FCFS,OK,7,3,3;4,7,0,0.0,10.0,20.0,20.0,16.0,4.0,3,0,0.0,0.00015306472778320312,0.15401840209960938,
84,CE_FULL,MCP_Solved,7,3,3;4,7,0,0.0,10.0,20.0,20.0,16.0,4.0,3,0,0.0,21.530683994293213,21530.68494796753,
84,CE_NAIVE,OK,7,3,3;4,7,0,0.0,10.0,20.0,20.0,16.0,4.0,3,0,0.0,0.39340686798095703,393.40996742248535,4
84,RRCE_PNE,OK,7,3,3;4,7,0,0.0,10.0,20.0,20.0,16.0,4.0,3,0,0.0,0.3775191307067871,377.5219917297363,4
85,GREEDY_CENTRALIZED,OK,7,5,3;4,7,0,0.0,10.0,20.0,20.0,12.0,4.0,4,0,0.0,0.00014591217041015625,0.1480579376220703,
85,AGG_ORACLE_FCFS,OK,7,5,3;4,7,0,0.0,10.0,20.0,20.0,12.0,4.0,4,0,0.0,0.00013494491577148438,0.13494491577148438,
85,CE_FULL,MCP_Solved,7,5,3;4,7,0,0.0,10.0,20.0,20.0,42.0,4.0,6,1,1.0,17.519225120544434,17519.22607421875,
85,CE_NAIVE,OK,7,5,3;4,7,0,0.0,10.0,20.0,20.0,15.0,4.0,5,0,0.0,0.8080859184265137,808.0880641937256,7
85,RRCE_PNE,OK,7,5,3;4,7,0,0.0,10.0,20.0,20.0,15.0,4.0,5,0,0.0,0.7948119640350342,794.813871383667,7
86,GREEDY_CENTRALIZED,OK,7,5,3;4,7,0,0.0,10.0,20.0,20.0,12.0,4.0,4,0,0.0,0.000141143798828125,0.1430511474609375,
86,AGG_ORACLE_FCFS,OK,7,5,3;4,7,0,0.0,10.0,20.0,20.0,12.0,4.0,4,0,0.0,0.00014591217041015625,0.1609325408935547,
86,CE_FULL,MCP_Solved,7,5,3;4,7,0,0.0,10.0,20.0,20.0,12.0,4.0,4,2,1.0,16.20618486404419,16206.18486404419,
86,CE_NAIVE,OK,7,5,3;4,7,0,0.0,10.0,20.0,20.0,15.0,4.0,5,0,0.0,0.9365711212158203,936.5730285644531,9
86,RRCE_PNE,OK,7,5,3;4,7,0,0.0,10.0,20.0,20.0,15.0,2.0,5,2,1.0,0.9081530570983887,908.1559181213379,9
87,GREEDY_CENTRALIZED,OK,7,3,3;4,7,0,0.0,10.0,20.0,20.0,12.0,2.6666666666666665,4,0,0.0,0.00014901161193847656,0.1518726348876953,
87,AGG_ORACLE_FCFS,OK,7,3,3;4,7,0,0.0,10.0,20.0,20.0,22.0,3.0,4,0,0.0,0.0001652240753173828,0.1671314239501953,
87,CE_FULL,MCP_Solved,7,3,3;4,7,0,0.0,10.0,20.0,20.0,12.0,2.6666666666666665,4,0,0.0,20.680656909942627,20680.656909942627,
87,CE_NAIVE,OK,7,3,3;4,7,0,0.0,10.0,20.0,20.0,12.0,2.6666666666666665,4,0,0.0,0.41780591011047363,417.80900955200195,5
87,RRCE_PNE,OK,7,3,3;4,7,0,0.0,10.0,20.0,20.0,12.0,0.6666666666666667,4,0,0.0,0.4196441173553467,419.6479320526123,5
88,GREEDY_CENTRALIZED,OK,7,4,3;4,7,0,0.0,10.0,20.0,20.0,12.0,4.0,4,0,0.0,0.0001850128173828125,0.18715858459472656,
88,AGG_ORACLE_FCFS,OK,7,4,3;4,7,0,0.0,10.0,20.0,20.0,12.0,4.0,4,0,0.0,0.00017189979553222656,0.17309188842773438,
88,CE_FULL,MCP_Solved,7,4,3;4,7,0,0.0,10.0,20.0,20.0,23.0,4.0,5,1,1.0,19.969659090042114,19969.660997390747,
88,CE_NAIVE,OK,7,4,3;4,7,0,0.0,10.0,20.0,20.0,15.0,2.0,5,0,0.0,0.6251978874206543,625.2009868621826,4
88,RRCE_PNE,OK,7,4,3;4,7,0,0.0,10.0,20.0,20.0,15.0,2.6666666666666665,5,0,0.0,0.6255369186401367,625.540018081665,4
89,GREEDY_CENTRALIZED,OK,7,5,3;4,7,0,0.0,10.0,20.0,20.0,12.0,4.0,4,0,0.0,0.00014901161193847656,0.15091896057128906,
89,AGG_ORACLE_FCFS,OK,7,5,3;4,7,0,0.0,10.0,20.0,20.0,22.0,6.0,4,0,0.0,0.00013303756713867188,0.13399124145507812,
89,CE_FULL,MCP_Solved,7,5,3;4,7,0,0.0,10.0,20.0,20.0,12.0,4.0,4,0,0.0,17.211071014404297,17211.071968078613,
89,CE_NAIVE,OK,7,5,3;4,7,0,0.0,10.0,20.0,20.0,25.0,6.0,5,0,0.0,0.42495107650756836,424.9541759490967,1
89,RRCE_PNE,OK,7,5,3;4,7,0,0.0,10.0,20.0,20.0,25.0,6.0,5,0,0.0,0.4153428077697754,415.3449535369873,1
90,GREEDY_CENTRALIZED,OK,7,4,3;4,7,0,0.0,10.0,20.0,20.0,12.0,4.0,4,0,0.0,0.0001900196075439453,0.19288063049316406,
90,AGG_ORACLE_FCFS,OK,7,4,3;4,7,0,0.0,10.0,20.0,20.0,12.0,4.0,4,0,0.0,0.00019693374633789062,0.19788742065429688,
90,CE_FULL,MCP_Solved,7,4,3;4,7,0,0.0,10.0,20.0,20.0,12.0,2.6666666666666665,4,0,0.0,19.82961678504944,19829.617977142334,
90,CE_NAIVE,OK,7,4,3;4,7,0,0.0,10.0,20.0,20.0,12.0,2.6666666666666665,4,0,0.0,0.39949989318847656,399.5020389556885,3
90,RRCE_PNE,OK,7,4,3;4,7,0,0.0,10.0,20.0,20.0,12.0,2.6666666666666665,4,0,0.0,0.39860105514526367,398.604154586792,3
91,GREEDY_CENTRALIZED,OK,7,4,3;4,7,0,0.0,10.0,20.0,20.0,20.0,4.0,2,0,0.0,0.00015997886657714844,0.16188621520996094,
91,AGG_ORACLE_FCFS,OK,7,4,3;4,7,0,0.0,10.0,20.0,20.0,20.0,4.0,2,0,0.0,0.00015997886657714844,0.1609325408935547,
91,CE_FULL,MCP_Solved,7,4,3;4,7,0,0.0,10.0,20.0,20.0,57.0,2.0,5,3,1.0,16.760185956954956,16760.186910629272,
91,CE_NAIVE,OK,7,4,3;4,7,0,0.0,10.0,20.0,20.0,40.0,2.0,4,1,1.0,0.670245885848999,670.2489852905273,5
91,RRCE_PNE,OK,7,4,3;4,7,0,0.0,10.0,20.0,20.0,30.0,4.0,3,0,0.0,0.6705570220947266,670.5591678619385,5
92,GREEDY_CENTRALIZED,OK,7,4,3;4,7,0,0.0,10.0,20.0,20.0,12.0,2.6666666666666665,4,0,0.0,0.00012087821960449219,0.12278556823730469,
92,AGG_ORACLE_FCFS,OK,7,4,3;4,7,0,0.0,10.0,20.0,20.0,22.0,2.0,4,0,0.0,0.0001239776611328125,0.1239776611328125,
92,CE_FULL,MCP_Solved,7,4,3;4,7,0,0.0,10.0,20.0,20.0,12.0,4.0,4,0,0.0,19.272547960281372,19272.549152374268,
92,CE_NAIVE,OK,7,4,3;4,7,0,0.0,10.0,20.0,20.0,15.0,4.0,5,0,0.0,0.7559781074523926,755.9809684753418,7
92,RRCE_PNE,OK,7,4,3;4,7,0,0.0,10.0,20.0,20.0,15.0,4.0,5,0,0.0,0.7453649044036865,745.3680038452148,7
93,GREEDY_CENTRALIZED,OK,7,3,3;4,7,0,0.0,10.0,20.0,20.0,12.0,4.0,4,0,0.0,0.00018906593322753906,0.19097328186035156,
93,AGG_ORACLE_FCFS,OK,7,3,3;4,7,0,0.0,10.0,20.0,20.0,20.0,3.0,4,0,0.0,0.00017499923706054688,0.1761913299560547,
93,CE_FULL,MCP_Solved,7,3,3;4,7,0,0.0,10.0,20.0,20.0,12.0,4.0,4,0,0.0,20.007972955703735,20007.97390937805,
93,CE_NAIVE,OK,7,3,3;4,7,0,0.0,10.0,20.0,20.0,15.0,2.0,5,0,0.0,0.4145641326904297,414.5660400390625,4
93,RRCE_PNE,OK,7,3,3;4,7,0,0.0,10.0,20.0,20.0,15.0,2.0,5,0,0.0,0.41222596168518066,412.2288227081299,4
94,GREEDY_CENTRALIZED,OK,7,4,3;4,7,0,0.0,10.0,20.0,20.0,12.0,2.6666666666666665,4,0,0.0,0.0001709461212158203,0.1728534698486328,
94,AGG_ORACLE_FCFS,OK,7,4,3;4,7,0,0.0,10.0,20.0,20.0,32.0,1.333333333333333,4,0,0.0,0.00014901161193847656,0.1499652862548828,
94,CE_FULL,MCP_Solved,7,4,3;4,7,0,0.0,10.0,20.0,20.0,25.0,3.0,5,1,1.0,19.99653196334839,19996.532917022705,
94,CE_NAIVE,OK,7,4,3;4,7,0,0.0,10.0,20.0,20.0,25.0,3.0,5,1,1.0,0.3804819583892822,380.48410415649414,2
94,RRCE_PNE,OK,7,4,3;4,7,0,0.0,10.0,20.0,20.0,12.0,2.6666666666666665,4,0,0.0,0.37950611114501953,379.52613830566406,2
95,GREEDY_CENTRALIZED,OK,7,4,3;4,7,0,0.0,10.0,20.0,20.0,12.0,4.0,4,0,0.0,0.00013899803161621094,0.14090538024902344,
95,AGG_ORACLE_FCFS,OK,7,4,3;4,7,0,0.0,10.0,20.0,20.0,22.0,6.0,4,0,0.0,0.00015807151794433594,0.15807151794433594,
95,CE_FULL,MCP_Solved,7,4,3;4,7,0,0.0,10.0,20.0,20.0,12.0,3.0,4,0,0.0,35.85265898704529,35852.65898704529,
95,CE_NAIVE,OK,7,4,3;4,7,0,0.0,10.0,20.0,20.0,12.0,3.0,4,0,0.0,0.3373279571533203,337.3298645019531,1
95,RRCE_PNE,OK,7,4,3;4,7,0,0.0,10.0,20.0,20.0,12.0,3.0,4,0,0.0,0.3339250087738037,333.92906188964844,1
96,GREEDY_CENTRALIZED,OK,7,4,3;4,7,0,0.0,10.0,20.0,20.0,16.0,4.0,3,0,0.0,0.00019598007202148438,0.19812583923339844,
96,AGG_ORACLE_FCFS,OK,7,4,3;4,7,0,0.0,10.0,20.0,20.0,16.0,4.0,3,0,0.0,0.00020122528076171875,0.202178955078125,
96,CE_FULL,MCP_Solved,7,4,3;4,7,0,0.0,10.0,20.0,20.0,24.0,5.0,4,1,1.0,17.090828895568848,17090.829849243164,
96,CE_NAIVE,OK,7,4,3;4,7,0,0.0,10.0,20.0,20.0,24.0,2.0,4,2,1.0,0.7035911083221436,703.5951614379883,6
96,RRCE_PNE,OK,7,4,3;4,7,0,0.0,10.0,20.0,20.0,24.0,2.0,4,0,0.0,0.6988158226013184,698.8191604614258,6
97,GREEDY_CENTRALIZED,OK,7,3,3;4,7,0,0.0,10.0,20.0,20.0,12.0,4.0,4,0,0.0,0.00013303756713867188,0.13518333435058594,
97,AGG_ORACLE_FCFS,OK,7,3,3;4,7,0,0.0,10.0,20.0,20.0,12.0,4.0,4,0,0.0,0.00011920928955078125,0.1201629638671875,
97,CE_FULL,MCP_Solved,7,3,3;4,7,0,0.0,10.0,20.0,20.0,77.0,0.0,7,3,1.0,19.837208032608032,19837.22186088562,
97,CE_NAIVE,OK,7,3,3;4,7,0,0.0,10.0,20.0,20.0,15.0,2.0,5,0,0.0,0.6482508182525635,648.2539176940918,6
97,RRCE_PNE,OK,7,3,3;4,7,0,0.0,10.0,20.0,20.0,15.0,2.0,5,0,0.0,0.6348538398742676,634.8581314086914,6
98,GREEDY_CENTRALIZED,OK,7,4,3;4,7,0,0.0,10.0,20.0,20.0,12.0,4.0,4,0,0.0,0.00015592575073242188,0.15807151794433594,
98,AGG_ORACLE_FCFS,OK,7,4,3;4,7,0,0.0,10.0,20.0,20.0,12.0,4.0,4,0,0.0,0.0001609325408935547,0.1609325408935547,
98,CE_FULL,MCP_Solved,7,4,3;4,7,0,0.0,10.0,20.0,20.0,12.0,2.0,4,2,1.0,17.454806089401245,17454.80704307556,
98,CE_NAIVE,OK,7,4,3;4,7,0,0.0,10.0,20.0,20.0,12.0,2.0,4,0,0.0,0.45276498794555664,452.76784896850586,4
98,RRCE_PNE,OK,7,4,3;4,7,0,0.0,10.0,20.0,20.0,12.0,2.0,4,2,1.0,0.4488410949707031,448.84395599365234,4
99,GREEDY_CENTRALIZED,OK,7,3,3;4,7,0,0.0,10.0,20.0,20.0,12.0,4.0,4,0,0.0,0.00016689300537109375,0.1690387725830078,
99,AGG_ORACLE_FCFS,OK,7,3,3;4,7,0,0.0,10.0,20.0,20.0,12.0,4.0,4,0,0.0,0.00016117095947265625,0.1621246337890625,
99,CE_FULL,MCP_Solved,7,3,3;4,7,0,0.0,10.0,20.0,20.0,12.0,2.6666666666666665,4,0,0.0,22.596817016601562,22596.817016601562,
99,CE_NAIVE,OK,7,3,3;4,7,0,0.0,10.0,20.0,20.0,12.0,2.6666666666666665,4,0,0.0,0.3476390838623047,347.6431369781494,2
99,RRCE_PNE,OK,7,3,3;4,7,0,0.0,10.0,20.0,20.0,15.0,2.6666666666666665,5,1,1.0,0.33199214935302734,331.99501037597656,2
100,GREEDY_CENTRALIZED,OK,7,5,3;4,7,0,0.0,10.0,20.0,20.0,12.0,4.0,4,0,0.0,0.00018906593322753906,0.19097328186035156,
100,AGG_ORACLE_FCFS,OK,7,5,3;4,7,0,0.0,10.0,20.0,20.0,12.0,4.0,4,0,0.0,0.0001621246337890625,0.16307830810546875,
100,CE_FULL,MCP_Solved,7,5,3;4,7,0,0.0,10.0,20.0,20.0,40.0,3.0,6,1,1.0,17.873332023620605,17873.33393096924,
100,CE_NAIVE,OK,7,5,3;4,7,0,0.0,10.0,20.0,20.0,15.0,2.0,5,0,0.0,0.6966168880462646,696.619987487793,4
100,RRCE_PNE,OK,7,5,3;4,7,0,0.0,10.0,20.0,20.0,15.0,4.0,5,0,0.0,0.6912620067596436,691.2639141082764,4
