timestamp,solver,seed,rep,run_seed,coord_sigma,real_sigma,enable_deviation,total_time_sec,sum_solver_time_sec,total_obj,avg_Qsum,avg_backlog,avg_pushed,fairness_max_gap
20260213_151714,GREEDY_CENTRALIZED,6910,1,69100001,100.0,100.0,true,0.3565859794616699,0.33113789558410645,232.0,2.1875,6.125,3.25,8.0
20260213_151714,GREEDY_CENTRALIZED,4953,1,49530001,100.0,100.0,true,0.03344392776489258,0.03291487693786621,232.0,2.1875,6.125,3.25,8.0
20260213_151714,GREEDY_CENTRALIZED,8042,1,80420001,100.0,100.0,true,0.029812097549438477,0.029294252395629883,232.0,2.1875,6.125,3.25,8.0
20260213_151714,GREEDY_CENTRALIZED,180,1,1800001,100.0,100.0,true,0.027577877044677734,0.027030467987060547,232.0,2.1875,6.125,3.25,8.0
20260213_151714,GREEDY_CENTRALIZED,6646,1,66460001,100.0,100.0,true,0.027422189712524414,0.026863813400268555,232.0,2.1875,6.125,3.25,8.0
20260213_151714,GREEDY_CENTRALIZED,1744,1,17440001,100.0,100.0,true,0.029699087142944336,0.029154300689697266,232.0,2.1875,6.125,3.25,8.0
20260213_151714,GREEDY_CENTRALIZED,9250,1,92500001,100.0,100.0,true,0.029890060424804688,0.029349803924560547,232.0,2.1875,6.125,3.25,8.0
20260213_151714,GREEDY_CENTRALIZED,7566,1,75660001,100.0,100.0,true,0.027467012405395508,0.026930809020996094,232.0,2.1875,6.125,3.25,8.0
20260213_151714,GREEDY_CENTRALIZED,8740,1,87400001,100.0,100.0,true,0.029603004455566406,0.029067039489746094,232.0,2.1875,6.125,3.25,8.0
20260213_151714,GREEDY_CENTRALIZED,7526,1,75260001,100.0,100.0,true,0.030405044555664062,0.029780149459838867,232.0,2.1875,6.125,3.25,8.0
20260213_151714,GREEDY_CENTRALIZED,6150,1,61500001,100.0,100.0,true,0.029517173767089844,0.02896904945373535,232.0,2.1875,6.125,3.25,8.0
20260213_151714,GREEDY_CENTRALIZED,5660,1,56600001,100.0,100.0,true,0.02936697006225586,0.028788328170776367,232.0,2.1875,6.125,3.25,8.0
20260213_151714,GREEDY_CENTRALIZED,1036,1,10360001,100.0,100.0,true,0.02957296371459961,0.02902531623840332,232.0,2.1875,6.125,3.25,8.0
20260213_151714,GREEDY_CENTRALIZED,7209,1,72090001,100.0,100.0,true,0.026911020278930664,0.026352643966674805,232.0,2.1875,6.125,3.25,8.0
20260213_151714,GREEDY_CENTRALIZED,3106,1,31060001,100.0,100.0,true,0.03037118911743164,0.029809236526489258,232.0,2.1875,6.125,3.25,8.0
20260213_151714,GREEDY_CENTRALIZED,5042,1,50420001,100.0,100.0,true,0.029490947723388672,0.028911590576171875,232.0,2.1875,6.125,3.25,8.0
20260213_151714,GREEDY_CENTRALIZED,7779,1,77790001,100.0,100.0,true,0.02713322639465332,0.026567697525024414,232.0,2.1875,6.125,3.25,8.0
20260213_151714,GREEDY_CENTRALIZED,2047,1,20470001,100.0,100.0,true,0.030462026596069336,0.029801607131958008,232.0,2.1875,6.125,3.25,8.0
20260213_151714,GREEDY_CENTRALIZED,4489,1,44890001,100.0,100.0,true,0.029642105102539062,0.029090404510498047,232.0,2.1875,6.125,3.25,8.0
20260213_151714,GREEDY_CENTRALIZED,4902,1,49020001,100.0,100.0,true,0.02703094482421875,0.026491880416870117,232.0,2.1875,6.125,3.25,8.0
20260213_151714,GREEDY_CENTRALIZED,8084,1,80840001,100.0,100.0,true,0.031091928482055664,0.030496597290039062,232.0,2.1875,6.125,3.25,8.0
20260213_151714,GREEDY_CENTRALIZED,6811,1,68110001,100.0,100.0,true,0.027705907821655273,0.02706599235534668,232.0,2.1875,6.125,3.25,8.0
20260213_151714,GREEDY_CENTRALIZED,2732,1,27320001,100.0,100.0,true,0.03088998794555664,0.03029942512512207,232.0,2.1875,6.125,3.25,8.0
20260213_151714,GREEDY_CENTRALIZED,3069,1,30690001,100.0,100.0,true,0.02730703353881836,0.026726961135864258,232.0,2.1875,6.125,3.25,8.0
20260213_151714,GREEDY_CENTRALIZED,4457,1,44570001,100.0,100.0,true,0.03062295913696289,0.03003549575805664,232.0,2.1875,6.125,3.25,8.0
20260213_151714,GREEDY_CENTRALIZED,5680,1,56800001,100.0,100.0,true,0.027632951736450195,0.027048349380493164,232.0,2.1875,6.125,3.25,8.0
20260213_151714,GREEDY_CENTRALIZED,6485,1,64850001,100.0,100.0,true,0.03131103515625,0.03067922592163086,232.0,2.1875,6.125,3.25,8.0
20260213_151714,GREEDY_CENTRALIZED,3287,1,32870001,100.0,100.0,true,0.02795100212097168,0.027391910552978516,232.0,2.1875,6.125,3.25,8.0
20260213_151714,GREEDY_CENTRALIZED,8179,1,81790001,100.0,100.0,true,0.027898073196411133,0.02732062339782715,232.0,2.1875,6.125,3.25,8.0
20260213_151714,GREEDY_CENTRALIZED,9249,1,92490001,100.0,100.0,true,0.030705928802490234,0.03014969825744629,232.0,2.1875,6.125,3.25,8.0
20260213_151714,GREEDY_CENTRALIZED,8304,1,83040001,100.0,100.0,true,0.027199983596801758,0.026652097702026367,232.0,2.1875,6.125,3.25,8.0
20260213_151714,GREEDY_CENTRALIZED,378,1,3780001,100.0,100.0,true,0.030742883682250977,0.027218341827392578,232.0,2.1875,6.125,3.25,8.0
20260213_151714,GREEDY_CENTRALIZED,5168,1,51680001,100.0,100.0,true,0.02799201011657715,0.027411222457885742,232.0,2.1875,6.125,3.25,8.0
20260213_151714,GREEDY_CENTRALIZED,3845,1,38450001,100.0,100.0,true,0.02805185317993164,0.0274960994720459,232.0,2.1875,6.125,3.25,8.0
20260213_151714,GREEDY_CENTRALIZED,794,1,7940001,100.0,100.0,true,0.03138399124145508,0.03076481819152832,232.0,2.1875,6.125,3.25,8.0
20260213_151714,GREEDY_CENTRALIZED,5941,1,59410001,100.0,100.0,true,0.027910947799682617,0.027337312698364258,232.0,2.1875,6.125,3.25,8.0
20260213_151714,GREEDY_CENTRALIZED,1980,1,19800001,100.0,100.0,true,0.027988195419311523,0.027489423751831055,232.0,2.1875,6.125,3.25,8.0
20260213_151714,GREEDY_CENTRALIZED,8841,1,88410001,100.0,100.0,true,0.027966976165771484,0.02745223045349121,232.0,2.1875,6.125,3.25,8.0
20260213_151714,GREEDY_CENTRALIZED,2134,1,21340001,100.0,100.0,true,0.02816605567932129,0.02764153480529785,232.0,2.1875,6.125,3.25,8.0
20260213_151714,GREEDY_CENTRALIZED,7214,1,72140001,100.0,100.0,true,0.02843499183654785,0.02790045738220215,232.0,2.1875,6.125,3.25,8.0
20260213_151714,GREEDY_CENTRALIZED,5987,1,59870001,100.0,100.0,true,0.030859947204589844,0.03024125099182129,232.0,2.1875,6.125,3.25,8.0
20260213_151714,GREEDY_CENTRALIZED,3807,1,38070001,100.0,100.0,true,0.02796196937561035,0.027387142181396484,232.0,2.1875,6.125,3.25,8.0
20260213_151714,GREEDY_CENTRALIZED,467,1,4670001,100.0,100.0,true,0.028587818145751953,0.028067827224731445,232.0,2.1875,6.125,3.25,8.0
20260213_151714,GREEDY_CENTRALIZED,6478,1,64780001,100.0,100.0,true,0.02787303924560547,0.02735614776611328,232.0,2.1875,6.125,3.25,8.0
20260213_151714,GREEDY_CENTRALIZED,4898,1,48980001,100.0,100.0,true,0.02840399742126465,0.027880430221557617,232.0,2.1875,6.125,3.25,8.0
20260213_151714,GREEDY_CENTRALIZED,7886,1,78860001,100.0,100.0,true,0.028342008590698242,0.02781963348388672,232.0,2.1875,6.125,3.25,8.0
20260213_151714,GREEDY_CENTRALIZED,4410,1,44100001,100.0,100.0,true,0.02838587760925293,0.027863264083862305,232.0,2.1875,6.125,3.25,8.0
20260213_151714,GREEDY_CENTRALIZED,8260,1,82600001,100.0,100.0,true,0.0277559757232666,0.027209043502807617,232.0,2.1875,6.125,3.25,8.0
20260213_151714,GREEDY_CENTRALIZED,5346,1,53460001,100.0,100.0,true,0.030492782592773438,0.029977083206176758,232.0,2.1875,6.125,3.25,8.0
20260213_151714,GREEDY_CENTRALIZED,1574,1,15740001,100.0,100.0,true,0.02824091911315918,0.0276639461517334,232.0,2.1875,6.125,3.25,8.0
20260213_151714,GREEDY_CENTRALIZED,4719,1,47190001,100.0,100.0,true,0.028397083282470703,0.027846097946166992,232.0,2.1875,6.125,3.25,8.0
20260213_151714,GREEDY_CENTRALIZED,6566,1,65660001,100.0,100.0,true,0.028532028198242188,0.027978181838989258,232.0,2.1875,6.125,3.25,8.0
20260213_151714,GREEDY_CENTRALIZED,9071,1,90710001,100.0,100.0,true,0.028922080993652344,0.028376340866088867,232.0,2.1875,6.125,3.25,8.0
20260213_151714,GREEDY_CENTRALIZED,9416,1,94160001,100.0,100.0,true,0.028553009033203125,0.02798604965209961,232.0,2.1875,6.125,3.25,8.0
20260213_151714,GREEDY_CENTRALIZED,1942,1,19420001,100.0,100.0,true,0.02839183807373047,0.027889728546142578,232.0,2.1875,6.125,3.25,8.0
20260213_151714,GREEDY_CENTRALIZED,1562,1,15620001,100.0,100.0,true,0.028170108795166016,0.027617931365966797,232.0,2.1875,6.125,3.25,8.0
20260213_151714,GREEDY_CENTRALIZED,2244,1,22440001,100.0,100.0,true,0.0281980037689209,0.027662038803100586,232.0,2.1875,6.125,3.25,8.0
20260213_151714,GREEDY_CENTRALIZED,7298,1,72980001,100.0,100.0,true,0.02852916717529297,0.028004884719848633,232.0,2.1875,6.125,3.25,8.0
20260213_151714,GREEDY_CENTRALIZED,8847,1,88470001,100.0,100.0,true,0.02824997901916504,0.027698040008544922,232.0,2.1875,6.125,3.25,8.0
20260213_151714,GREEDY_CENTRALIZED,6318,1,63180001,100.0,100.0,true,0.02838611602783203,0.02787303924560547,232.0,2.1875,6.125,3.25,8.0
20260213_151714,GREEDY_CENTRALIZED,7261,1,72610001,100.0,100.0,true,0.028290987014770508,0.027718067169189453,232.0,2.1875,6.125,3.25,8.0
20260213_151714,GREEDY_CENTRALIZED,3149,1,31490001,100.0,100.0,true,0.028301000595092773,0.027809858322143555,232.0,2.1875,6.125,3.25,8.0
20260213_151714,GREEDY_CENTRALIZED,7427,1,74270001,100.0,100.0,true,0.028038978576660156,0.027486324310302734,232.0,2.1875,6.125,3.25,8.0
20260213_151714,GREEDY_CENTRALIZED,6882,1,68820001,100.0,100.0,true,0.028269052505493164,0.027775287628173828,232.0,2.1875,6.125,3.25,8.0
20260213_151714,GREEDY_CENTRALIZED,9841,1,98410001,100.0,100.0,true,0.028216123580932617,0.027642488479614258,232.0,2.1875,6.125,3.25,8.0
20260213_151714,GREEDY_CENTRALIZED,6351,1,63510001,100.0,100.0,true,0.028995037078857422,0.0284879207611084,232.0,2.1875,6.125,3.25,8.0
20260213_151714,GREEDY_CENTRALIZED,9611,1,96110001,100.0,100.0,true,0.027784109115600586,0.027286291122436523,232.0,2.1875,6.125,3.25,8.0
20260213_151714,GREEDY_CENTRALIZED,5178,1,51780001,100.0,100.0,true,0.028295040130615234,0.02774357795715332,232.0,2.1875,6.125,3.25,8.0
20260213_151714,GREEDY_CENTRALIZED,8915,1,89150001,100.0,100.0,true,0.028393983840942383,0.027837514877319336,232.0,2.1875,6.125,3.25,8.0
20260213_151714,GREEDY_CENTRALIZED,361,1,3610001,100.0,100.0,true,0.028569936752319336,0.02803802490234375,232.0,2.1875,6.125,3.25,8.0
20260213_151714,GREEDY_CENTRALIZED,3803,1,38030001,100.0,100.0,true,0.027611970901489258,0.027068138122558594,232.0,2.1875,6.125,3.25,8.0
20260213_151714,GREEDY_CENTRALIZED,1030,1,10300001,100.0,100.0,true,0.028564929962158203,0.028000354766845703,232.0,2.1875,6.125,3.25,8.0
20260213_151714,GREEDY_CENTRALIZED,6073,1,60730001,100.0,100.0,true,0.02861785888671875,0.028040409088134766,232.0,2.1875,6.125,3.25,8.0
20260213_151714,GREEDY_CENTRALIZED,532,1,5320001,100.0,100.0,true,0.02805495262145996,0.027501821517944336,232.0,2.1875,6.125,3.25,8.0
20260213_151714,GREEDY_CENTRALIZED,9099,1,90990001,100.0,100.0,true,0.02767205238342285,0.027177810668945312,232.0,2.1875,6.125,3.25,8.0
20260213_151714,GREEDY_CENTRALIZED,3999,1,39990001,100.0,100.0,true,0.028296947479248047,0.027741670608520508,232.0,2.1875,6.125,3.25,8.0
20260213_151714,GREEDY_CENTRALIZED,9370,1,93700001,100.0,100.0,true,0.028210878372192383,0.027663469314575195,232.0,2.1875,6.125,3.25,8.0
20260213_151714,GREEDY_CENTRALIZED,5010,1,50100001,100.0,100.0,true,0.02808213233947754,0.027567625045776367,232.0,2.1875,6.125,3.25,8.0
20260213_151714,GREEDY_CENTRALIZED,7048,1,70480001,100.0,100.0,true,0.028495073318481445,0.02790379524230957,232.0,2.1875,6.125,3.25,8.0
20260213_151714,GREEDY_CENTRALIZED,4111,1,41110001,100.0,100.0,true,0.028662919998168945,0.028133630752563477,232.0,2.1875,6.125,3.25,8.0
20260213_151714,GREEDY_CENTRALIZED,2921,1,29210001,100.0,100.0,true,0.027751922607421875,0.027202844619750977,232.0,2.1875,6.125,3.25,8.0
20260213_151714,GREEDY_CENTRALIZED,8503,1,85030001,100.0,100.0,true,0.027792930603027344,0.02729320526123047,232.0,2.1875,6.125,3.25,8.0
20260213_151714,GREEDY_CENTRALIZED,4576,1,45760001,100.0,100.0,true,0.028036117553710938,0.02749347686767578,232.0,2.1875,6.125,3.25,8.0
20260213_151714,GREEDY_CENTRALIZED,4863,1,48630001,100.0,100.0,true,0.028431177139282227,0.027846336364746094,232.0,2.1875,6.125,3.25,8.0
20260213_151714,GREEDY_CENTRALIZED,1157,1,11570001,100.0,100.0,true,0.02820110321044922,0.027617454528808594,232.0,2.1875,6.125,3.25,8.0
20260213_151714,GREEDY_CENTRALIZED,7445,1,74450001,100.0,100.0,true,0.028293132781982422,0.02776193618774414,232.0,2.1875,6.125,3.25,8.0
20260213_151714,GREEDY_CENTRALIZED,7919,1,79190001,100.0,100.0,true,0.027970075607299805,0.027415990829467773,232.0,2.1875,6.125,3.25,8.0
20260213_151714,GREEDY_CENTRALIZED,9026,1,90260001,100.0,100.0,true,0.028369903564453125,0.02779698371887207,232.0,2.1875,6.125,3.25,8.0
20260213_151714,GREEDY_CENTRALIZED,8825,1,88250001,100.0,100.0,true,0.028225183486938477,0.02766871452331543,232.0,2.1875,6.125,3.25,8.0
20260213_151714,GREEDY_CENTRALIZED,7801,1,78010001,100.0,100.0,true,0.027877092361450195,0.027350664138793945,232.0,2.1875,6.125,3.25,8.0
20260213_151714,GREEDY_CENTRALIZED,3576,1,35760001,100.0,100.0,true,0.027958154678344727,0.027416467666625977,232.0,2.1875,6.125,3.25,8.0
20260213_151714,GREEDY_CENTRALIZED,5108,1,51080001,100.0,100.0,true,0.02881789207458496,0.02829456329345703,232.0,2.1875,6.125,3.25,8.0
20260213_151714,GREEDY_CENTRALIZED,7346,1,73460001,100.0,100.0,true,0.02797389030456543,0.027454376220703125,232.0,2.1875,6.125,3.25,8.0
20260213_151714,GREEDY_CENTRALIZED,2659,1,26590001,100.0,100.0,true,0.027625083923339844,0.02712273597717285,232.0,2.1875,6.125,3.25,8.0
20260213_151714,GREEDY_CENTRALIZED,1301,1,13010001,100.0,100.0,true,0.027863025665283203,0.027321338653564453,232.0,2.1875,6.125,3.25,8.0
20260213_151714,GREEDY_CENTRALIZED,5519,1,55190001,100.0,100.0,true,0.028736114501953125,0.02821636199951172,232.0,2.1875,6.125,3.25,8.0
20260213_151714,GREEDY_CENTRALIZED,1736,1,17360001,100.0,100.0,true,0.02782297134399414,0.027265310287475586,232.0,2.1875,6.125,3.25,8.0
20260213_151714,GREEDY_CENTRALIZED,618,1,6180001,100.0,100.0,true,0.027968883514404297,0.02746748924255371,232.0,2.1875,6.125,3.25,8.0
20260213_151714,GREEDY_CENTRALIZED,8254,1,82540001,100.0,100.0,true,0.0283811092376709,0.02781963348388672,232.0,2.1875,6.125,3.25,8.0
20260213_151714,GREEDY_CENTRALIZED,7340,1,73400001,100.0,100.0,true,0.028384923934936523,0.027868986129760742,232.0,2.1875,6.125,3.25,8.0
20260213_151714,AGG_ORACLE_FCFS,6910,1,69100001,100.0,100.0,true,0.02776312828063965,0.02726006507873535,288.0,2.625,6.125,3.25,8.0
20260213_151714,AGG_ORACLE_FCFS,4953,1,49530001,100.0,100.0,true,0.027692794799804688,0.02718496322631836,282.0,2.625,6.125,3.25,8.0
20260213_151714,AGG_ORACLE_FCFS,8042,1,80420001,100.0,100.0,true,0.027861833572387695,0.027315139770507812,282.0,2.625,6.125,3.25,8.0
20260213_151714,AGG_ORACLE_FCFS,180,1,1800001,100.0,100.0,true,0.024084091186523438,0.02356410026550293,288.0,2.625,6.125,3.25,8.0
20260213_151714,AGG_ORACLE_FCFS,6646,1,66460001,100.0,100.0,true,0.032228946685791016,0.027451515197753906,282.0,2.625,6.125,3.25,8.0
20260213_151714,AGG_ORACLE_FCFS,1744,1,17440001,100.0,100.0,true,0.028139829635620117,0.027578353881835938,288.0,2.625,6.125,3.25,8.0
20260213_151714,AGG_ORACLE_FCFS,9250,1,92500001,100.0,100.0,true,0.027858972549438477,0.027245759963989258,282.0,2.625,6.125,3.25,8.0
20260213_151714,AGG_ORACLE_FCFS,7566,1,75660001,100.0,100.0,true,0.02780294418334961,0.02727484703063965,282.0,2.625,6.125,3.25,8.0
20260213_151714,AGG_ORACLE_FCFS,8740,1,87400001,100.0,100.0,true,0.02781391143798828,0.02727651596069336,288.0,2.625,6.125,3.25,8.0
20260213_151714,AGG_ORACLE_FCFS,7526,1,75260001,100.0,100.0,true,0.02434706687927246,0.02384638786315918,282.0,2.625,6.125,3.25,8.0
20260213_151714,AGG_ORACLE_FCFS,6150,1,61500001,100.0,100.0,true,0.031786203384399414,0.0312347412109375,282.0,2.625,6.125,3.25,8.0
20260213_151714,AGG_ORACLE_FCFS,5660,1,56600001,100.0,100.0,true,0.028523921966552734,0.027953147888183594,288.0,2.625,6.125,3.25,8.0
20260213_151714,AGG_ORACLE_FCFS,1036,1,10360001,100.0,100.0,true,0.02768421173095703,0.027136802673339844,282.0,2.625,6.125,3.25,8.0
20260213_151714,AGG_ORACLE_FCFS,7209,1,72090001,100.0,100.0,true,0.028294086456298828,0.027736425399780273,282.0,2.625,6.125,3.25,8.0
20260213_151714,AGG_ORACLE_FCFS,3106,1,31060001,100.0,100.0,true,0.027595996856689453,0.027096271514892578,288.0,2.625,6.125,3.25,8.0
20260213_151714,AGG_ORACLE_FCFS,5042,1,50420001,100.0,100.0,true,0.027827978134155273,0.02731156349182129,282.0,2.625,6.125,3.25,8.0
20260213_151714,AGG_ORACLE_FCFS,7779,1,77790001,100.0,100.0,true,0.027971982955932617,0.0273892879486084,282.0,2.625,6.125,3.25,8.0
20260213_151714,AGG_ORACLE_FCFS,2047,1,20470001,100.0,100.0,true,0.028666019439697266,0.02812671661376953,288.0,2.625,6.125,3.25,8.0
20260213_151714,AGG_ORACLE_FCFS,4489,1,44890001,100.0,100.0,true,0.027992963790893555,0.027484416961669922,288.0,2.625,6.125,3.25,8.0
20260213_151714,AGG_ORACLE_FCFS,4902,1,49020001,100.0,100.0,true,0.027865886688232422,0.02368474006652832,282.0,2.625,6.125,3.25,8.0
20260213_151714,AGG_ORACLE_FCFS,8084,1,80840001,100.0,100.0,true,0.027603864669799805,0.02710413932800293,282.0,2.625,6.125,3.25,8.0
20260213_151714,AGG_ORACLE_FCFS,6811,1,68110001,100.0,100.0,true,0.02791905403137207,0.027418136596679688,282.0,2.625,6.125,3.25,8.0
20260213_151714,AGG_ORACLE_FCFS,2732,1,27320001,100.0,100.0,true,0.02804088592529297,0.027474164962768555,282.0,2.625,6.125,3.25,8.0
20260213_151714,AGG_ORACLE_FCFS,3069,1,30690001,100.0,100.0,true,0.02858114242553711,0.02808237075805664,282.0,2.625,6.125,3.25,8.0
20260213_151714,AGG_ORACLE_FCFS,4457,1,44570001,100.0,100.0,true,0.028280019760131836,0.027769088745117188,288.0,2.625,6.125,3.25,8.0
20260213_151714,AGG_ORACLE_FCFS,5680,1,56800001,100.0,100.0,true,0.028131961822509766,0.023823022842407227,288.0,2.625,6.125,3.25,8.0
20260213_151714,AGG_ORACLE_FCFS,6485,1,64850001,100.0,100.0,true,0.02749800682067871,0.026968002319335938,282.0,2.625,6.125,3.25,8.0
20260213_151714,AGG_ORACLE_FCFS,3287,1,32870001,100.0,100.0,true,0.028213024139404297,0.023750782012939453,282.0,2.625,6.125,3.25,8.0
20260213_151714,AGG_ORACLE_FCFS,8179,1,81790001,100.0,100.0,true,0.028007030487060547,0.02745199203491211,288.0,2.625,6.125,3.25,8.0
20260213_151714,AGG_ORACLE_FCFS,9249,1,92490001,100.0,100.0,true,0.027959108352661133,0.027392864227294922,288.0,2.625,6.125,3.25,8.0
20260213_151714,AGG_ORACLE_FCFS,8304,1,83040001,100.0,100.0,true,0.027988910675048828,0.027437210083007812,288.0,2.625,6.125,3.25,8.0
20260213_151714,AGG_ORACLE_FCFS,378,1,3780001,100.0,100.0,true,0.028411865234375,0.02781391143798828,288.0,2.625,6.125,3.25,8.0
20260213_151714,AGG_ORACLE_FCFS,5168,1,51680001,100.0,100.0,true,0.02752399444580078,0.027034282684326172,288.0,2.625,6.125,3.25,8.0
20260213_151714,AGG_ORACLE_FCFS,3845,1,38450001,100.0,100.0,true,0.02803802490234375,0.023594141006469727,288.0,2.625,6.125,3.25,8.0
20260213_151714,AGG_ORACLE_FCFS,794,1,7940001,100.0,100.0,true,0.028139114379882812,0.027570009231567383,282.0,2.625,6.125,3.25,8.0
20260213_151714,AGG_ORACLE_FCFS,5941,1,59410001,100.0,100.0,true,0.028028011322021484,0.02750229835510254,288.0,2.625,6.125,3.25,8.0
20260213_151714,AGG_ORACLE_FCFS,1980,1,19800001,100.0,100.0,true,0.027625083923339844,0.027058124542236328,282.0,2.625,6.125,3.25,8.0
20260213_151714,AGG_ORACLE_FCFS,8841,1,88410001,100.0,100.0,true,0.028181076049804688,0.02766728401184082,282.0,2.625,6.125,3.25,8.0
20260213_151714,AGG_ORACLE_FCFS,2134,1,21340001,100.0,100.0,true,0.027714014053344727,0.027218341827392578,288.0,2.625,6.125,3.25,8.0
20260213_151714,AGG_ORACLE_FCFS,7214,1,72140001,100.0,100.0,true,0.02820110321044922,0.027655363082885742,282.0,2.625,6.125,3.25,8.0
20260213_151714,AGG_ORACLE_FCFS,5987,1,59870001,100.0,100.0,true,0.028034210205078125,0.027537107467651367,282.0,2.625,6.125,3.25,8.0
20260213_151714,AGG_ORACLE_FCFS,3807,1,38070001,100.0,100.0,true,0.027987003326416016,0.027483463287353516,288.0,2.625,6.125,3.25,8.0
20260213_151714,AGG_ORACLE_FCFS,467,1,4670001,100.0,100.0,true,0.027538061141967773,0.02702045440673828,288.0,2.625,6.125,3.25,8.0
20260213_151714,AGG_ORACLE_FCFS,6478,1,64780001,100.0,100.0,true,0.027704954147338867,0.0271759033203125,282.0,2.625,6.125,3.25,8.0
20260213_151714,AGG_ORACLE_FCFS,4898,1,48980001,100.0,100.0,true,0.02798914909362793,0.027491092681884766,282.0,2.625,6.125,3.25,8.0
20260213_151714,AGG_ORACLE_FCFS,7886,1,78860001,100.0,100.0,true,0.02833700180053711,0.027792930603027344,288.0,2.625,6.125,3.25,8.0
20260213_151714,AGG_ORACLE_FCFS,4410,1,44100001,100.0,100.0,true,0.02402520179748535,0.023523807525634766,282.0,2.625,6.125,3.25,8.0
20260213_151714,AGG_ORACLE_FCFS,8260,1,82600001,100.0,100.0,true,0.03179502487182617,0.03127789497375488,288.0,2.625,6.125,3.25,8.0
20260213_151714,AGG_ORACLE_FCFS,5346,1,53460001,100.0,100.0,true,0.027614831924438477,0.027099609375,288.0,2.625,6.125,3.25,8.0
20260213_151714,AGG_ORACLE_FCFS,1574,1,15740001,100.0,100.0,true,0.02787303924560547,0.027376890182495117,288.0,2.625,6.125,3.25,8.0
20260213_151714,AGG_ORACLE_FCFS,4719,1,47190001,100.0,100.0,true,0.027884960174560547,0.027385473251342773,282.0,2.625,6.125,3.25,8.0
20260213_151714,AGG_ORACLE_FCFS,6566,1,65660001,100.0,100.0,true,0.028402090072631836,0.02783036231994629,282.0,2.625,6.125,3.25,8.0
20260213_151714,AGG_ORACLE_FCFS,9071,1,90710001,100.0,100.0,true,0.024094104766845703,0.023601055145263672,282.0,2.625,6.125,3.25,8.0
20260213_151714,AGG_ORACLE_FCFS,9416,1,94160001,100.0,100.0,true,0.02864694595336914,0.028117895126342773,282.0,2.625,6.125,3.25,8.0
20260213_151714,AGG_ORACLE_FCFS,1942,1,19420001,100.0,100.0,true,0.027929067611694336,0.027406930923461914,282.0,2.625,6.125,3.25,8.0
20260213_151714,AGG_ORACLE_FCFS,1562,1,15620001,100.0,100.0,true,0.027798175811767578,0.02729654312133789,282.0,2.625,6.125,3.25,8.0
20260213_151714,AGG_ORACLE_FCFS,2244,1,22440001,100.0,100.0,true,0.027651071548461914,0.02713799476623535,288.0,2.625,6.125,3.25,8.0
20260213_151714,AGG_ORACLE_FCFS,7298,1,72980001,100.0,100.0,true,0.028216123580932617,0.0276644229888916,282.0,2.625,6.125,3.25,8.0
20260213_151714,AGG_ORACLE_FCFS,8847,1,88470001,100.0,100.0,true,0.03146100044250488,0.030954599380493164,282.0,2.625,6.125,3.25,8.0
20260213_151714,AGG_ORACLE_FCFS,6318,1,63180001,100.0,100.0,true,0.027971982955932617,0.0273745059967041,288.0,2.625,6.125,3.25,8.0
20260213_151714,AGG_ORACLE_FCFS,7261,1,72610001,100.0,100.0,true,0.027771949768066406,0.027193069458007812,288.0,2.625,6.125,3.25,8.0
20260213_151714,AGG_ORACLE_FCFS,3149,1,31490001,100.0,100.0,true,0.027975082397460938,0.027422189712524414,288.0,2.625,6.125,3.25,8.0
20260213_151714,AGG_ORACLE_FCFS,7427,1,74270001,100.0,100.0,true,0.028026103973388672,0.02742934226989746,288.0,2.625,6.125,3.25,8.0
20260213_151714,AGG_ORACLE_FCFS,6882,1,68820001,100.0,100.0,true,0.02822399139404297,0.027667999267578125,282.0,2.625,6.125,3.25,8.0
20260213_151714,AGG_ORACLE_FCFS,9841,1,98410001,100.0,100.0,true,0.028463125228881836,0.027879953384399414,282.0,2.625,6.125,3.25,8.0
20260213_151714,AGG_ORACLE_FCFS,6351,1,63510001,100.0,100.0,true,0.028150081634521484,0.027585506439208984,282.0,2.625,6.125,3.25,8.0
20260213_151714,AGG_ORACLE_FCFS,9611,1,96110001,100.0,100.0,true,0.02775883674621582,0.027203083038330078,282.0,2.625,6.125,3.25,8.0
20260213_151714,AGG_ORACLE_FCFS,5178,1,51780001,100.0,100.0,true,0.02811408042907715,0.027554035186767578,282.0,2.625,6.125,3.25,8.0
20260213_151714,AGG_ORACLE_FCFS,8915,1,89150001,100.0,100.0,true,0.027822017669677734,0.0272672176361084,282.0,2.625,6.125,3.25,8.0
20260213_151714,AGG_ORACLE_FCFS,361,1,3610001,100.0,100.0,true,0.027974843978881836,0.02742481231689453,288.0,2.625,6.125,3.25,8.0
20260213_151714,AGG_ORACLE_FCFS,3803,1,38030001,100.0,100.0,true,0.028110980987548828,0.027558326721191406,288.0,2.625,6.125,3.25,8.0
20260213_151714,AGG_ORACLE_FCFS,1030,1,10300001,100.0,100.0,true,0.02827596664428711,0.027715682983398438,282.0,2.625,6.125,3.25,8.0
20260213_151714,AGG_ORACLE_FCFS,6073,1,60730001,100.0,100.0,true,0.027842998504638672,0.02727985382080078,288.0,2.625,6.125,3.25,8.0
20260213_151714,AGG_ORACLE_FCFS,532,1,5320001,100.0,100.0,true,0.02800893783569336,0.027446746826171875,282.0,2.625,6.125,3.25,8.0
20260213_151714,AGG_ORACLE_FCFS,9099,1,90990001,100.0,100.0,true,0.02791619300842285,0.027334213256835938,282.0,2.625,6.125,3.25,8.0
20260213_151714,AGG_ORACLE_FCFS,3999,1,39990001,100.0,100.0,true,0.02799677848815918,0.027440786361694336,282.0,2.625,6.125,3.25,8.0
20260213_151714,AGG_ORACLE_FCFS,9370,1,93700001,100.0,100.0,true,0.02799701690673828,0.027428388595581055,288.0,2.625,6.125,3.25,8.0
20260213_151714,AGG_ORACLE_FCFS,5010,1,50100001,100.0,100.0,true,0.028846025466918945,0.02826237678527832,282.0,2.625,6.125,3.25,8.0
20260213_151714,AGG_ORACLE_FCFS,7048,1,70480001,100.0,100.0,true,0.027987003326416016,0.027439594268798828,288.0,2.625,6.125,3.25,8.0
20260213_151714,AGG_ORACLE_FCFS,4111,1,41110001,100.0,100.0,true,0.02808213233947754,0.0275115966796875,282.0,2.625,6.125,3.25,8.0
20260213_151714,AGG_ORACLE_FCFS,2921,1,29210001,100.0,100.0,true,0.02787184715270996,0.027304887771606445,282.0,2.625,6.125,3.25,8.0
20260213_151714,AGG_ORACLE_FCFS,8503,1,85030001,100.0,100.0,true,0.0280458927154541,0.027468442916870117,288.0,2.625,6.125,3.25,8.0
20260213_151714,AGG_ORACLE_FCFS,4576,1,45760001,100.0,100.0,true,0.027729034423828125,0.027181386947631836,282.0,2.625,6.125,3.25,8.0
20260213_151714,AGG_ORACLE_FCFS,4863,1,48630001,100.0,100.0,true,0.028326988220214844,0.02775263786315918,288.0,2.625,6.125,3.25,8.0
20260213_151714,AGG_ORACLE_FCFS,1157,1,11570001,100.0,100.0,true,0.02800893783569336,0.027448654174804688,282.0,2.625,6.125,3.25,8.0
20260213_151714,AGG_ORACLE_FCFS,7445,1,74450001,100.0,100.0,true,0.0281069278717041,0.027530908584594727,282.0,2.625,6.125,3.25,8.0
20260213_151714,AGG_ORACLE_FCFS,7919,1,79190001,100.0,100.0,true,0.027553081512451172,0.027011632919311523,288.0,2.625,6.125,3.25,8.0
20260213_151714,AGG_ORACLE_FCFS,9026,1,90260001,100.0,100.0,true,0.028249025344848633,0.02767181396484375,282.0,2.625,6.125,3.25,8.0
20260213_151714,AGG_ORACLE_FCFS,8825,1,88250001,100.0,100.0,true,0.027903079986572266,0.027315616607666016,282.0,2.625,6.125,3.25,8.0
20260213_151714,AGG_ORACLE_FCFS,7801,1,78010001,100.0,100.0,true,0.027992963790893555,0.02744317054748535,288.0,2.625,6.125,3.25,8.0
20260213_151714,AGG_ORACLE_FCFS,3576,1,35760001,100.0,100.0,true,0.0282590389251709,0.027701854705810547,288.0,2.625,6.125,3.25,8.0
20260213_151714,AGG_ORACLE_FCFS,5108,1,51080001,100.0,100.0,true,0.02809309959411621,0.027573823928833008,288.0,2.625,6.125,3.25,8.0
20260213_151714,AGG_ORACLE_FCFS,7346,1,73460001,100.0,100.0,true,0.02794194221496582,0.027388811111450195,282.0,2.625,6.125,3.25,8.0
20260213_151714,AGG_ORACLE_FCFS,2659,1,26590001,100.0,100.0,true,0.027868986129760742,0.027308940887451172,282.0,2.625,6.125,3.25,8.0
20260213_151714,AGG_ORACLE_FCFS,1301,1,13010001,100.0,100.0,true,0.028011083602905273,0.027475595474243164,288.0,2.625,6.125,3.25,8.0
20260213_151714,AGG_ORACLE_FCFS,5519,1,55190001,100.0,100.0,true,0.02802300453186035,0.027513504028320312,282.0,2.625,6.125,3.25,8.0
20260213_151714,AGG_ORACLE_FCFS,1736,1,17360001,100.0,100.0,true,0.02774500846862793,0.02724003791809082,282.0,2.625,6.125,3.25,8.0
20260213_151714,AGG_ORACLE_FCFS,618,1,6180001,100.0,100.0,true,0.028486013412475586,0.0279080867767334,288.0,2.625,6.125,3.25,8.0
20260213_151714,AGG_ORACLE_FCFS,8254,1,82540001,100.0,100.0,true,0.024168968200683594,0.0236203670501709,282.0,2.625,6.125,3.25,8.0
20260213_151714,AGG_ORACLE_FCFS,7340,1,73400001,100.0,100.0,true,0.028445005416870117,0.02789306640625,282.0,2.625,6.125,3.25,8.0
20260213_151714,CE_NAIVE,6910,1,69100001,100.0,100.0,true,16.002876043319702,16.00251269340515,263.0,3.0625,5.0625,3.4375,10.0
20260213_151714,CE_NAIVE,4953,1,49530001,100.0,100.0,true,3.7156450748443604,3.7152678966522217,261.0,3.1875,5.0,3.4375,10.0
20260213_151714,CE_NAIVE,8042,1,80420001,100.0,100.0,true,3.8339200019836426,3.83359956741333,261.0,3.4375,4.75,3.5,10.0
20260213_151714,CE_NAIVE,180,1,1800001,100.0,100.0,true,3.796506881713867,3.7961983680725098,274.0,3.5625,4.5625,3.5625,11.0
20260213_151714,CE_NAIVE,6646,1,66460001,100.0,100.0,true,3.2058050632476807,3.181910753250122,257.0,3.25,4.9375,3.4375,10.0
20260213_151714,CE_NAIVE,1744,1,17440001,100.0,100.0,true,3.169405937194824,3.1690773963928223,261.0,3.375,4.75,3.5,10.0
20260213_151714,CE_NAIVE,9250,1,92500001,100.0,100.0,true,3.154390811920166,3.154069423675537,261.0,3.375,4.75,3.5,10.0
20260213_151714,CE_NAIVE,7566,1,75660001,100.0,100.0,true,3.1732661724090576,3.1729063987731934,257.0,3.1875,4.9375,3.4375,10.0
20260213_151714,CE_NAIVE,8740,1,87400001,100.0,100.0,true,3.311065912246704,3.310725212097168,266.0,3.5,4.625,3.5,10.0
20260213_151714,CE_NAIVE,7526,1,75260001,100.0,100.0,true,4.202936172485352,4.202565908432007,291.0,3.1875,4.9375,3.5,12.0
20260213_151714,CE_NAIVE,6150,1,61500001,100.0,100.0,true,3.9665639400482178,3.965668201446533,279.0,2.625,5.6875,3.375,12.0
20260213_151714,CE_NAIVE,5660,1,56600001,100.0,100.0,true,3.341278076171875,3.340904474258423,260.0,3.5625,4.625,3.5,10.0
20260213_151714,CE_NAIVE,1036,1,10360001,100.0,100.0,true,3.1710219383239746,3.170715808868408,255.0,3.5,4.6875,3.4375,10.0
20260213_151714,CE_NAIVE,7209,1,72090001,100.0,100.0,true,3.1161179542541504,3.1157615184783936,262.0,3.3125,4.875,3.4375,10.0
20260213_151714,CE_NAIVE,3106,1,31060001,100.0,100.0,true,3.5007240772247314,3.5004024505615234,260.0,3.6875,4.4375,3.5,10.0
20260213_151714,CE_NAIVE,5042,1,50420001,100.0,100.0,true,3.7093279361724854,3.7088539600372314,258.0,2.8125,5.3125,3.4375,11.0
20260213_151714,CE_NAIVE,7779,1,77790001,100.0,100.0,true,3.241217851638794,3.2408950328826904,261.0,3.4375,4.75,3.5,12.0
20260213_151714,CE_NAIVE,2047,1,20470001,100.0,100.0,true,3.531301975250244,3.530937433242798,263.0,3.125,5.0,3.5,10.0
20260213_151714,CE_NAIVE,4489,1,44890001,100.0,100.0,true,4.22948694229126,4.229103326797485,250.0,2.9375,5.1875,3.4375,10.0
20260213_151714,CE_NAIVE,4902,1,49020001,100.0,100.0,true,3.121471881866455,3.12111496925354,262.0,3.375,4.8125,3.5,10.0
20260213_151714,CE_NAIVE,8084,1,80840001,100.0,100.0,true,3.131381034851074,3.1309854984283447,263.0,3.0625,5.0625,3.4375,10.0
20260213_151714,CE_NAIVE,6811,1,68110001,100.0,100.0,true,3.307286024093628,3.30696702003479,270.0,3.625,4.5625,3.5625,10.333333333333334
20260213_151714,CE_NAIVE,2732,1,27320001,100.0,100.0,true,3.729517936706543,3.729139566421509,264.0,3.25,4.875,3.5,10.0
20260213_151714,CE_NAIVE,3069,1,30690001,100.0,100.0,true,3.1101009845733643,3.1097066402435303,261.0,3.375,4.8125,3.4375,10.0
20260213_151714,CE_NAIVE,4457,1,44570001,100.0,100.0,true,3.1399941444396973,3.1396172046661377,257.0,3.25,4.9375,3.4375,10.0
20260213_151714,CE_NAIVE,5680,1,56800001,100.0,100.0,true,3.300071954727173,3.2997422218322754,261.0,3.375,4.75,3.5,10.0
20260213_151714,CE_NAIVE,6485,1,64850001,100.0,100.0,true,3.3167669773101807,3.3163869380950928,264.0,3.25,4.875,3.5,10.0
20260213_151714,CE_NAIVE,3287,1,32870001,100.0,100.0,true,3.2036099433898926,3.20328688621521,260.0,3.6875,4.5,3.5625,10.333333333333334
20260213_151714,CE_NAIVE,8179,1,81790001,100.0,100.0,true,3.450836181640625,3.4503884315490723,270.0,3.0,5.3125,3.4375,8.0
20260213_151714,CE_NAIVE,9249,1,92490001,100.0,100.0,true,3.222727060317993,3.2223589420318604,268.0,3.1875,4.9375,3.5,10.0
20260213_151714,CE_NAIVE,8304,1,83040001,100.0,100.0,true,3.713114023208618,3.7126410007476807,262.0,2.9375,5.25,3.4375,11.333333333333334
20260213_151714,CE_NAIVE,378,1,3780001,100.0,100.0,true,3.18263578414917,3.1821129322052,258.0,2.8125,5.3125,3.4375,11.0
20260213_151714,CE_NAIVE,5168,1,51680001,100.0,100.0,true,3.2793610095977783,3.2789876461029053,263.0,3.125,5.0625,3.4375,10.0
20260213_151714,CE_NAIVE,3845,1,38450001,100.0,100.0,true,3.261815071105957,3.2614805698394775,261.0,3.375,4.75,3.5,10.0
20260213_151714,CE_NAIVE,794,1,7940001,100.0,100.0,true,3.463611125946045,3.463099241256714,282.0,3.0,5.3125,3.4375,8.333333333333334
20260213_151714,CE_NAIVE,5941,1,59410001,100.0,100.0,true,3.5289628505706787,3.528351306915283,285.0,2.875,5.4375,3.4375,11.333333333333334
20260213_151714,CE_NAIVE,1980,1,19800001,100.0,100.0,true,3.271785020828247,3.2714784145355225,257.0,3.6875,4.4375,3.5625,11.0
20260213_151714,CE_NAIVE,8841,1,88410001,100.0,100.0,true,3.269084930419922,3.268745183944702,265.0,3.5625,4.625,3.5625,10.333333333333334
20260213_151714,CE_NAIVE,2134,1,21340001,100.0,100.0,true,3.2498788833618164,3.2495486736297607,259.0,3.4375,4.6875,3.5,10.0
20260213_151714,CE_NAIVE,7214,1,72140001,100.0,100.0,true,3.4200620651245117,3.4195830821990967,253.0,2.75,5.375,3.4375,11.0
20260213_151714,CE_NAIVE,5987,1,59870001,100.0,100.0,true,3.286752939224243,3.286423444747925,256.0,3.5625,4.625,3.5,10.0
20260213_151714,CE_NAIVE,3807,1,38070001,100.0,100.0,true,3.169502019882202,3.1691195964813232,257.0,3.1875,4.9375,3.4375,10.0
20260213_151714,CE_NAIVE,467,1,4670001,100.0,100.0,true,3.1794581413269043,3.178992986679077,275.0,3.0625,5.25,3.4375,8.0
20260213_151714,CE_NAIVE,6478,1,64780001,100.0,100.0,true,3.1770529747009277,3.1766772270202637,257.0,3.1875,4.9375,3.4375,10.0
20260213_151714,CE_NAIVE,4898,1,48980001,100.0,100.0,true,3.306809902191162,3.3064053058624268,262.0,2.9375,5.1875,3.4375,10.0
20260213_151714,CE_NAIVE,7886,1,78860001,100.0,100.0,true,3.2665650844573975,3.266173839569092,260.0,3.3125,4.875,3.4375,10.0
20260213_151714,CE_NAIVE,4410,1,44100001,100.0,100.0,true,3.169588088989258,3.1690995693206787,275.0,3.125,5.25,3.4375,8.333333333333334
20260213_151714,CE_NAIVE,8260,1,82600001,100.0,100.0,true,3.1858019828796387,3.1854002475738525,257.0,3.25,4.9375,3.4375,10.0
20260213_151714,CE_NAIVE,5346,1,53460001,100.0,100.0,true,3.223130941390991,3.2227299213409424,274.0,3.25,4.875,3.5,11.0
20260213_151714,CE_NAIVE,1574,1,15740001,100.0,100.0,true,3.2918150424957275,3.2914698123931885,261.0,3.4375,4.75,3.5,10.0
20260213_151714,CE_NAIVE,4719,1,47190001,100.0,100.0,true,3.283911943435669,3.283564805984497,261.0,3.375,4.75,3.5,10.0
20260213_151714,CE_NAIVE,6566,1,65660001,100.0,100.0,true,3.216585874557495,3.21618914604187,257.0,3.1875,4.9375,3.4375,10.0
20260213_151714,CE_NAIVE,9071,1,90710001,100.0,100.0,true,3.207486867904663,3.2070960998535156,257.0,3.1875,4.9375,3.4375,10.0
20260213_151714,CE_NAIVE,9416,1,94160001,100.0,100.0,true,3.3313379287719727,3.330975294113159,261.0,3.375,4.75,3.5,10.0
20260213_151714,CE_NAIVE,1942,1,19420001,100.0,100.0,true,3.3425769805908203,3.3420798778533936,262.0,3.0,5.125,3.4375,11.0
20260213_151714,CE_NAIVE,1562,1,15620001,100.0,100.0,true,3.207571029663086,3.207183599472046,267.0,3.1875,4.9375,3.5,11.0
20260213_151714,CE_NAIVE,2244,1,22440001,100.0,100.0,true,3.295408010482788,3.2950732707977295,257.0,3.375,4.75,3.4375,10.0
20260213_151714,CE_NAIVE,7298,1,72980001,100.0,100.0,true,3.3300540447235107,3.3296592235565186,257.0,3.375,4.75,3.4375,10.0
20260213_151714,CE_NAIVE,8847,1,88470001,100.0,100.0,true,3.3074820041656494,3.3071000576019287,252.0,3.5625,4.625,3.4375,10.0
20260213_151714,CE_NAIVE,6318,1,63180001,100.0,100.0,true,3.3037521839141846,3.3034050464630127,261.0,3.4375,4.75,3.5,10.0
20260213_151714,CE_NAIVE,7261,1,72610001,100.0,100.0,true,3.3168787956237793,3.316497564315796,264.0,3.25,4.875,3.5,10.0
20260213_151714,CE_NAIVE,3149,1,31490001,100.0,100.0,true,3.3077709674835205,3.307194948196411,258.0,2.8125,5.3125,3.4375,11.0
20260213_151714,CE_NAIVE,7427,1,74270001,100.0,100.0,true,3.3238770961761475,3.323460578918457,270.0,3.4375,4.6875,3.5,10.0
20260213_151714,CE_NAIVE,6882,1,68820001,100.0,100.0,true,3.216561794281006,3.216165542602539,261.0,3.125,5.0,3.4375,10.0
20260213_151714,CE_NAIVE,9841,1,98410001,100.0,100.0,true,3.723236083984375,3.722700357437134,242.0,2.8125,5.375,3.4375,9.0
20260213_151714,CE_NAIVE,6351,1,63510001,100.0,100.0,true,3.5570149421691895,3.556594133377075,261.0,3.3125,4.8125,3.4375,10.0
20260213_151714,CE_NAIVE,9611,1,96110001,100.0,100.0,true,3.3768670558929443,3.376525640487671,265.0,3.5,4.625,3.5625,10.333333333333334
20260213_151714,CE_NAIVE,5178,1,51780001,100.0,100.0,true,3.2521679401397705,3.251788854598999,257.0,3.1875,4.9375,3.4375,10.0
20260213_151714,CE_NAIVE,8915,1,89150001,100.0,100.0,true,3.3196868896484375,3.319368600845337,261.0,3.375,4.75,3.5,10.0
20260213_151714,CE_NAIVE,361,1,3610001,100.0,100.0,true,3.444053888320923,3.443638801574707,253.0,3.1875,5.0,3.4375,10.0
20260213_151714,CE_NAIVE,3803,1,38030001,100.0,100.0,true,3.3033790588378906,3.3030014038085938,262.0,3.3125,4.8125,3.5,10.0
20260213_151714,CE_NAIVE,1030,1,10300001,100.0,100.0,true,3.323591947555542,3.3232502937316895,254.0,3.5625,4.5625,3.5,10.0
20260213_151714,CE_NAIVE,6073,1,60730001,100.0,100.0,true,3.24347186088562,3.243069648742676,269.0,3.375,4.75,3.5,10.0
20260213_151714,CE_NAIVE,532,1,5320001,100.0,100.0,true,3.3774850368499756,3.376943349838257,257.0,2.9375,5.25,3.4375,8.333333333333334
20260213_151714,CE_NAIVE,9099,1,90990001,100.0,100.0,true,3.526618003845215,3.5260984897613525,250.0,2.75,5.375,3.4375,9.0
20260213_151714,CE_NAIVE,3999,1,39990001,100.0,100.0,true,3.265507936477661,3.2650816440582275,262.0,3.375,4.8125,3.5,10.0
20260213_151714,CE_NAIVE,9370,1,93700001,100.0,100.0,true,3.438709020614624,3.438342332839966,256.0,3.3125,4.875,3.4375,10.0
20260213_151714,CE_NAIVE,5010,1,50100001,100.0,100.0,true,3.2619190216064453,3.261441230773926,275.0,3.125,5.25,3.4375,8.0
20260213_151714,CE_NAIVE,7048,1,70480001,100.0,100.0,true,3.3021750450134277,3.301673650741577,262.0,3.0,5.125,3.4375,11.0
20260213_151714,CE_NAIVE,4111,1,41110001,100.0,100.0,true,3.3568990230560303,3.356570243835449,253.0,3.375,4.75,3.4375,10.0
20260213_151714,CE_NAIVE,2921,1,29210001,100.0,100.0,true,3.3708009719848633,3.370452642440796,270.0,3.4375,4.6875,3.5,10.0
20260213_151714,CE_NAIVE,8503,1,85030001,100.0,100.0,true,3.3969929218292236,3.3965840339660645,264.0,3.25,4.875,3.4375,10.0
20260213_151714,CE_NAIVE,4576,1,45760001,100.0,100.0,true,3.284762144088745,3.284343719482422,264.0,3.1875,4.9375,3.4375,10.0
20260213_151714,CE_NAIVE,4863,1,48630001,100.0,100.0,true,3.4298741817474365,3.4290525913238525,285.0,2.8125,5.5625,3.4375,11.333333333333334
20260213_151714,CE_NAIVE,1157,1,11570001,100.0,100.0,true,3.3833320140838623,3.3829667568206787,261.0,3.375,4.75,3.5,10.0
20260213_151714,CE_NAIVE,7445,1,74450001,100.0,100.0,true,3.296527147293091,3.2960891723632812,257.0,3.1875,4.9375,3.4375,10.0
20260213_151714,CE_NAIVE,7919,1,79190001,100.0,100.0,true,3.3190271854400635,3.3185503482818604,255.0,2.9375,5.1875,3.4375,11.0
20260213_151714,CE_NAIVE,9026,1,90260001,100.0,100.0,true,3.3148279190063477,3.3144609928131104,257.0,3.25,4.9375,3.4375,10.0
20260213_151714,CE_NAIVE,8825,1,88250001,100.0,100.0,true,3.3173158168792725,3.316959857940674,266.0,3.25,4.875,3.5,10.0
20260213_151714,CE_NAIVE,7801,1,78010001,100.0,100.0,true,3.3892338275909424,3.3888702392578125,268.0,3.4375,4.6875,3.5,10.0
20260213_151714,CE_NAIVE,3576,1,35760001,100.0,100.0,true,3.301414966583252,3.3010597229003906,262.0,3.3125,4.8125,3.5,10.0
20260213_151714,CE_NAIVE,5108,1,51080001,100.0,100.0,true,3.5139400959014893,3.5135324001312256,278.0,3.25,4.9375,3.5,10.0
20260213_151714,CE_NAIVE,7346,1,73460001,100.0,100.0,true,3.3988888263702393,3.398557662963867,265.0,3.5625,4.625,3.5625,10.333333333333334
20260213_151714,CE_NAIVE,2659,1,26590001,100.0,100.0,true,3.3133978843688965,3.3130078315734863,258.0,3.0,5.125,3.4375,10.0
20260213_151714,CE_NAIVE,1301,1,13010001,100.0,100.0,true,3.4970548152923584,3.496734619140625,282.0,3.5,4.625,3.5,10.0
20260213_151714,CE_NAIVE,5519,1,55190001,100.0,100.0,true,3.3796730041503906,3.37919020652771,258.0,2.875,5.3125,3.4375,11.0
20260213_151714,CE_NAIVE,1736,1,17360001,100.0,100.0,true,3.6553690433502197,3.6550049781799316,260.0,3.5,4.625,3.5,10.0
20260213_151714,CE_NAIVE,618,1,6180001,100.0,100.0,true,3.297374963760376,3.296924591064453,263.0,3.0625,5.0625,3.4375,10.0
20260213_151714,CE_NAIVE,8254,1,82540001,100.0,100.0,true,3.334360122680664,3.333981513977051,263.0,3.0625,5.0625,3.4375,10.0
20260213_151714,CE_NAIVE,7340,1,73400001,100.0,100.0,true,3.341355085372925,3.3409650325775146,257.0,3.1875,4.9375,3.4375,10.0
20260213_151714,CE_FULL,6910,1,69100001,100.0,100.0,true,112.98114109039307,112.98067927360535,271.0,3.0625,5.3125,3.4375,8.0
20260213_151714,CE_FULL,4953,1,49530001,100.0,100.0,true,40.38651895523071,40.38614296913147,261.0,3.125,5.0625,3.4375,8.0
20260213_151714,CE_FULL,8042,1,80420001,100.0,100.0,true,19.228217840194702,19.22779130935669,268.0,3.1875,5.3125,3.3125,10.0
20260213_151714,CE_FULL,180,1,1800001,100.0,100.0,true,43.65247988700867,43.651857137680054,271.0,2.8125,5.6875,3.25,8.0
20260213_151714,CE_FULL,6646,1,66460001,100.0,100.0,true,36.32009696960449,36.319727420806885,250.0,3.125,5.0625,3.375,8.0
20260213_151714,CE_FULL,1744,1,17440001,100.0,100.0,true,46.72600197792053,46.72564387321472,298.0,3.5,4.6875,3.4375,9.0
20260213_151714,CE_FULL,9250,1,92500001,100.0,100.0,true,31.739768981933594,31.739409923553467,275.0,3.4375,4.875,3.4375,8.0
20260213_151714,CE_FULL,7566,1,75660001,100.0,100.0,true,30.55404305458069,30.55363392829895,275.0,3.3125,4.875,3.4375,8.0
20260213_151714,CE_FULL,8740,1,87400001,100.0,100.0,true,33.5373170375824,33.53693437576294,261.0,3.125,5.0625,3.4375,8.0
20260213_151714,CE_FULL,7526,1,75260001,100.0,100.0,true,31.849493980407715,31.84911608695984,275.0,3.3125,4.875,3.4375,8.0
20260213_151714,CE_FULL,6150,1,61500001,100.0,100.0,true,37.91519808769226,37.91482329368591,265.0,3.0625,5.125,3.4375,8.0
20260213_151714,CE_FULL,5660,1,56600001,100.0,100.0,true,35.599143981933594,35.59875774383545,261.0,3.125,5.0625,3.4375,8.0
20260213_151714,CE_FULL,1036,1,10360001,100.0,100.0,true,39.09341907501221,39.092873096466064,261.0,3.25,5.0625,3.4375,8.0
20260213_151714,CE_FULL,7209,1,72090001,100.0,100.0,true,35.73926496505737,35.73887777328491,261.0,3.1875,5.125,3.4375,8.0
20260213_151714,CE_FULL,3106,1,31060001,100.0,100.0,true,27.021226167678833,27.020482540130615,273.0,2.8125,5.875,3.25,8.0
20260213_151714,CE_FULL,5042,1,50420001,100.0,100.0,true,46.82207703590393,46.82160782814026,263.0,2.9375,5.5625,3.3125,10.0
20260213_151714,CE_FULL,7779,1,77790001,100.0,100.0,true,33.531888008117676,33.53125023841858,286.0,2.75,5.9375,3.3125,10.0
20260213_151714,CE_FULL,2047,1,20470001,100.0,100.0,true,36.62799787521362,36.62759590148926,261.0,3.125,5.0625,3.4375,8.0
20260213_151714,CE_FULL,4489,1,44890001,100.0,100.0,true,37.29364204406738,37.29329800605774,261.0,3.125,5.0625,3.4375,8.0
20260213_151714,CE_FULL,4902,1,49020001,100.0,100.0,true,19.17035412788391,19.169835567474365,268.0,3.1875,5.3125,3.3125,10.0
20260213_151714,CE_FULL,8084,1,80840001,100.0,100.0,true,41.62571310997009,41.623223066329956,261.0,3.125,5.0625,3.4375,8.0
20260213_151714,CE_FULL,6811,1,68110001,100.0,100.0,true,38.589268922805786,38.58888292312622,250.0,3.125,5.0625,3.375,8.0
20260213_151714,CE_FULL,2732,1,27320001,100.0,100.0,true,38.68987011909485,38.68947625160217,261.0,3.1875,5.125,3.4375,8.0
20260213_151714,CE_FULL,3069,1,30690001,100.0,100.0,true,55.03908896446228,55.03873825073242,257.0,3.4375,4.6875,3.5,10.0
20260213_151714,CE_FULL,4457,1,44570001,100.0,100.0,true,40.55765104293823,40.557292222976685,261.0,3.125,5.0625,3.4375,8.0
20260213_151714,CE_FULL,5680,1,56800001,100.0,100.0,true,40.18592715263367,40.185550928115845,250.0,3.125,5.0625,3.375,8.0
20260213_151714,CE_FULL,6485,1,64850001,100.0,100.0,true,37.66739010810852,37.667031049728394,268.0,3.25,4.9375,3.4375,8.0
20260213_151714,CE_FULL,3287,1,32870001,100.0,100.0,true,41.15119409561157,41.150821924209595,261.0,3.0625,5.125,3.4375,8.0
20260213_151714,CE_FULL,8179,1,81790001,100.0,100.0,true,20.774144887924194,20.77358078956604,268.0,3.3125,5.3125,3.3125,10.0
20260213_151714,CE_FULL,9249,1,92490001,100.0,100.0,true,42.1213059425354,42.12093925476074,261.0,3.125,5.0625,3.4375,8.0
20260213_151714,CE_FULL,8304,1,83040001,100.0,100.0,true,46.91647410392761,46.91602540016174,267.0,3.125,5.25,3.4375,8.0
20260213_151714,CE_FULL,378,1,3780001,100.0,100.0,true,18.723109006881714,18.722673177719116,275.0,3.3125,5.1875,3.3125,10.0
20260213_151714,CE_FULL,5168,1,51680001,100.0,100.0,true,28.31063485145569,28.310155868530273,261.0,3.1875,5.4375,3.3125,10.0
20260213_151714,CE_FULL,3845,1,38450001,100.0,100.0,true,22.050371885299683,22.049887657165527,268.0,3.1875,5.3125,3.3125,10.0
20260213_151714,CE_FULL,794,1,7940001,100.0,100.0,true,43.33325791358948,43.332839012145996,261.0,3.0625,5.125,3.4375,8.0
20260213_151714,CE_FULL,5941,1,59410001,100.0,100.0,true,65.28386902809143,65.28343486785889,267.0,3.0,5.25,3.4375,8.0
20260213_151714,CE_FULL,1980,1,19800001,100.0,100.0,true,45.82095789909363,45.8205771446228,261.0,3.1875,5.125,3.4375,8.0
20260213_151714,CE_FULL,8841,1,88410001,100.0,100.0,true,42.09541392326355,42.0950493812561,268.0,3.25,4.9375,3.4375,8.0
20260213_151714,CE_FULL,2134,1,21340001,100.0,100.0,true,43.393484115600586,43.39316248893738,275.0,3.3125,4.875,3.4375,8.0
20260213_151714,CE_FULL,7214,1,72140001,100.0,100.0,true,65.91088795661926,65.91051769256592,261.0,3.125,5.0625,3.4375,8.0
20260213_151714,CE_FULL,5987,1,59870001,100.0,100.0,true,46.68608117103577,46.685718059539795,261.0,3.125,5.0625,3.4375,8.0
20260213_151714,CE_FULL,3807,1,38070001,100.0,100.0,true,24.158922910690308,24.158374309539795,268.0,3.1875,5.3125,3.3125,10.0
20260213_151714,CE_FULL,467,1,4670001,100.0,100.0,true,48.876895904541016,48.87644863128662,261.0,3.125,5.0625,3.4375,8.0
20260213_151714,CE_FULL,6478,1,64780001,100.0,100.0,true,47.35823607444763,47.35784316062927,283.0,3.1875,5.0,3.4375,8.0
20260213_151714,CE_FULL,4898,1,48980001,100.0,100.0,true,45.019132137298584,45.01874494552612,268.0,3.375,4.9375,3.4375,8.0
20260213_151714,CE_FULL,7886,1,78860001,100.0,100.0,true,53.32899284362793,53.32855272293091,267.0,3.125,5.25,3.4375,8.0
20260213_151714,CE_FULL,4410,1,44100001,100.0,100.0,true,30.000988960266113,30.00056266784668,268.0,3.1875,5.3125,3.3125,10.0
20260213_151714,CE_FULL,8260,1,82600001,100.0,100.0,true,44.808592796325684,44.807894468307495,289.0,2.8125,5.6875,3.25,8.0
20260213_151714,CE_FULL,5346,1,53460001,100.0,100.0,true,33.709738969802856,33.70909833908081,267.0,2.875,5.75,3.25,8.0
20260213_151714,CE_FULL,1574,1,15740001,100.0,100.0,true,23.134609937667847,23.134165048599243,275.0,3.4375,5.1875,3.3125,10.0
20260213_151714,CE_FULL,4719,1,47190001,100.0,100.0,true,30.713522911071777,30.713014364242554,274.0,3.0625,5.5,3.3125,10.0
20260213_151714,CE_FULL,6566,1,65660001,100.0,100.0,true,42.10873603820801,42.108381032943726,257.0,3.5625,4.6875,3.5,10.0
20260213_151714,CE_FULL,9071,1,90710001,100.0,100.0,true,34.269104957580566,34.26863169670105,265.0,3.0625,5.4375,3.3125,10.0
20260213_151714,CE_FULL,9416,1,94160001,100.0,100.0,true,51.78151822090149,51.781110525131226,261.0,3.25,5.0625,3.4375,8.0
20260213_151714,CE_FULL,1942,1,19420001,100.0,100.0,true,68.85404205322266,68.85362219810486,267.0,3.125,5.25,3.4375,8.0
20260213_151714,CE_FULL,1562,1,15620001,100.0,100.0,true,52.48676609992981,52.486392974853516,261.0,3.0625,5.125,3.4375,8.0
20260213_151714,CE_FULL,2244,1,22440001,100.0,100.0,true,50.54787492752075,50.54744553565979,268.0,3.25,4.9375,3.4375,8.0
20260213_151714,CE_FULL,7298,1,72980001,100.0,100.0,true,59.68540716171265,59.68507719039917,298.0,3.4375,4.75,3.4375,9.0
20260213_151714,CE_FULL,8847,1,88470001,100.0,100.0,true,27.16482400894165,27.164332389831543,268.0,3.1875,5.3125,3.3125,10.0
20260213_151714,CE_FULL,6318,1,63180001,100.0,100.0,true,50.323572874069214,50.32321286201477,257.0,3.25,4.9375,3.375,8.0
20260213_151714,CE_FULL,7261,1,72610001,100.0,100.0,true,38.48408603668213,38.483354806900024,292.0,2.5,6.1875,3.25,8.0
20260213_151714,CE_FULL,3149,1,31490001,100.0,100.0,true,26.201755046844482,26.2013258934021,275.0,3.3125,5.1875,3.3125,10.0
20260213_151714,CE_FULL,7427,1,74270001,100.0,100.0,true,55.08472013473511,55.08433508872986,261.0,3.0625,5.125,3.4375,8.0
20260213_151714,CE_FULL,6882,1,68820001,100.0,100.0,true,55.55843210220337,55.55800771713257,261.0,3.125,5.0625,3.4375,8.0
20260213_151714,CE_FULL,9841,1,98410001,100.0,100.0,true,55.90442109107971,55.90405344963074,261.0,3.125,5.0625,3.4375,8.0
20260213_151714,CE_FULL,6351,1,63510001,100.0,100.0,true,53.3272430896759,53.326876163482666,268.0,3.25,4.9375,3.4375,8.0
20260213_151714,CE_FULL,9611,1,96110001,100.0,100.0,true,33.874804973602295,33.87393665313721,305.0,3.5,5.0,3.3125,10.0
20260213_151714,CE_FULL,5178,1,51780001,100.0,100.0,true,44.22587990760803,44.22496032714844,267.0,2.8125,5.6875,3.25,8.0
20260213_151714,CE_FULL,8915,1,89150001,100.0,100.0,true,57.5010769367218,57.5007164478302,261.0,3.125,5.0625,3.4375,8.0
20260213_151714,CE_FULL,361,1,3610001,100.0,100.0,true,54.31995916366577,54.31957674026489,268.0,3.375,4.9375,3.4375,8.0
20260213_151714,CE_FULL,3803,1,38030001,100.0,100.0,true,58.38572597503662,58.38534498214722,261.0,3.125,5.0625,3.4375,8.0
20260213_151714,CE_FULL,1030,1,10300001,100.0,100.0,true,58.98895192146301,58.98856782913208,261.0,3.1875,5.125,3.4375,8.0
20260213_151714,CE_FULL,6073,1,60730001,100.0,100.0,true,38.464996099472046,38.464545488357544,261.0,3.1875,5.4375,3.3125,10.0
20260213_151714,CE_FULL,532,1,5320001,100.0,100.0,true,59.92537808418274,59.924968242645264,261.0,3.0625,5.125,3.4375,8.0
20260213_151714,CE_FULL,9099,1,90990001,100.0,100.0,true,64.27701091766357,64.27630114555359,271.0,2.875,5.75,3.25,8.0
20260213_151714,CE_FULL,3999,1,39990001,100.0,100.0,true,67.19620299339294,67.19584894180298,295.0,3.375,4.8125,3.4375,9.0
20260213_151714,CE_FULL,9370,1,93700001,100.0,100.0,true,42.39659309387207,42.39612150192261,283.0,3.125,5.375,3.3125,10.0
20260213_151714,CE_FULL,5010,1,50100001,100.0,100.0,true,61.343860149383545,61.34348106384277,261.0,3.0625,5.125,3.4375,8.0
20260213_151714,CE_FULL,7048,1,70480001,100.0,100.0,true,62.58151602745056,62.58110451698303,279.0,3.25,4.9375,3.4375,8.0
20260213_151714,CE_FULL,4111,1,41110001,100.0,100.0,true,62.54678392410278,62.54639959335327,261.0,3.125,5.0625,3.4375,8.0
20260213_151714,CE_FULL,2921,1,29210001,100.0,100.0,true,62.45265197753906,62.452240228652954,261.0,3.25,5.0625,3.4375,8.0
20260213_151714,CE_FULL,8503,1,85030001,100.0,100.0,true,31.611363172531128,31.610821962356567,268.0,3.1875,5.3125,3.3125,10.0
20260213_151714,CE_FULL,4576,1,45760001,100.0,100.0,true,63.28161311149597,63.28122854232788,261.0,3.125,5.0625,3.4375,8.0
20260213_151714,CE_FULL,4863,1,48630001,100.0,100.0,true,60.10325598716736,60.10288977622986,268.0,3.25,4.9375,3.4375,8.0
20260213_151714,CE_FULL,1157,1,11570001,100.0,100.0,true,73.07476592063904,73.07435250282288,267.0,3.0,5.25,3.4375,8.0
20260213_151714,CE_FULL,7445,1,74450001,100.0,100.0,true,60.71252799034119,60.71216702461243,275.0,3.3125,4.875,3.4375,8.0
20260213_151714,CE_FULL,7919,1,79190001,100.0,100.0,true,71.8364589214325,71.83608722686768,261.0,3.0625,5.125,3.4375,8.0
20260213_151714,CE_FULL,9026,1,90260001,100.0,100.0,true,66.00414204597473,66.00377297401428,261.0,3.25,5.0625,3.4375,8.0
20260213_151714,CE_FULL,8825,1,88250001,100.0,100.0,true,51.225749015808105,51.22522473335266,282.0,2.9375,5.625,3.3125,10.0
20260213_151714,CE_FULL,7801,1,78010001,100.0,100.0,true,34.133846044540405,34.133336782455444,268.0,3.1875,5.3125,3.3125,10.0
20260213_151714,CE_FULL,3576,1,35760001,100.0,100.0,true,62.72299003601074,62.722628593444824,257.0,3.25,4.9375,3.375,8.0
20260213_151714,CE_FULL,5108,1,51080001,100.0,100.0,true,66.71779704093933,66.71741938591003,283.0,3.1875,5.0,3.4375,8.0
20260213_151714,CE_FULL,7346,1,73460001,100.0,100.0,true,41.808125019073486,41.80756449699402,274.0,3.0625,5.5,3.3125,10.0
20260213_151714,CE_FULL,2659,1,26590001,100.0,100.0,true,68.2250349521637,68.2246630191803,261.0,3.125,5.0625,3.4375,8.0
20260213_151714,CE_FULL,1301,1,13010001,100.0,100.0,true,68.29716181755066,68.29678678512573,261.0,3.125,5.0625,3.4375,8.0
20260213_151714,CE_FULL,5519,1,55190001,100.0,100.0,true,69.17520213127136,69.17478442192078,261.0,3.25,5.0625,3.4375,8.0
20260213_151714,CE_FULL,1736,1,17360001,100.0,100.0,true,34.625810861587524,34.62525177001953,268.0,3.1875,5.3125,3.3125,10.0
20260213_151714,CE_FULL,618,1,6180001,100.0,100.0,true,70.07489204406738,70.07448649406433,261.0,3.125,5.0625,3.4375,8.0
20260213_151714,CE_FULL,8254,1,82540001,100.0,100.0,true,69.76518106460571,69.76476240158081,261.0,3.125,5.0625,3.4375,8.0
20260213_151714,CE_FULL,7340,1,73400001,100.0,100.0,true,32.77984690666199,32.45688223838806,275.0,3.3125,5.1875,3.3125,10.0
20260213_151714,RRCE_PNE,6910,1,69100001,100.0,100.0,true,4.817065000534058,4.816509962081909,265.0,3.0625,5.0625,3.4375,8.333333333333334
20260213_151714,RRCE_PNE,4953,1,49530001,100.0,100.0,true,4.133174896240234,4.132723331451416,265.0,3.0625,5.0625,3.4375,8.333333333333334
20260213_151714,RRCE_PNE,8042,1,80420001,100.0,100.0,true,3.7807750701904297,3.7803549766540527,265.0,3.0625,5.0625,3.4375,8.333333333333334
20260213_151714,RRCE_PNE,180,1,1800001,100.0,100.0,true,3.7636730670928955,3.7631258964538574,265.0,3.0625,5.0625,3.4375,8.333333333333334
20260213_151714,RRCE_PNE,6646,1,66460001,100.0,100.0,true,4.000546216964722,4.000065803527832,265.0,3.0625,5.0625,3.4375,8.333333333333334
20260213_151714,RRCE_PNE,1744,1,17440001,100.0,100.0,true,3.848381996154785,3.8479061126708984,265.0,3.0625,5.0625,3.4375,8.333333333333334
20260213_151714,RRCE_PNE,9250,1,92500001,100.0,100.0,true,4.034811019897461,4.03406834602356,289.0,3.1875,5.3125,3.4375,11.0
20260213_151714,RRCE_PNE,7566,1,75660001,100.0,100.0,true,4.050000190734863,4.049569129943848,265.0,3.0625,5.0625,3.4375,8.333333333333334
20260213_151714,RRCE_PNE,8740,1,87400001,100.0,100.0,true,3.786410093307495,3.7859532833099365,285.0,3.1875,5.0,3.4375,8.333333333333334
20260213_151714,RRCE_PNE,7526,1,75260001,100.0,100.0,true,4.677088975906372,4.668995141983032,282.0,2.875,5.625,3.375,9.0
20260213_151714,RRCE_PNE,6150,1,61500001,100.0,100.0,true,3.9175028800964355,3.9171042442321777,264.0,3.375,4.75,3.5,10.0
20260213_151714,RRCE_PNE,5660,1,56600001,100.0,100.0,true,3.650570869445801,3.64998197555542,265.0,3.0625,5.0625,3.4375,8.333333333333334
20260213_151714,RRCE_PNE,1036,1,10360001,100.0,100.0,true,3.8793630599975586,3.8789119720458984,265.0,3.0625,5.0625,3.4375,8.333333333333334
20260213_151714,RRCE_PNE,7209,1,72090001,100.0,100.0,true,3.5579659938812256,3.5575506687164307,265.0,3.0625,5.0625,3.4375,8.333333333333334
20260213_151714,RRCE_PNE,3106,1,31060001,100.0,100.0,true,3.861248016357422,3.8606269359588623,265.0,3.0625,5.0625,3.4375,8.333333333333334
20260213_151714,RRCE_PNE,5042,1,50420001,100.0,100.0,true,3.7685320377349854,3.768012523651123,289.0,3.1875,5.3125,3.4375,10.0
20260213_151714,RRCE_PNE,7779,1,77790001,100.0,100.0,true,3.6644890308380127,3.663999319076538,265.0,3.0625,5.0625,3.4375,8.333333333333334
20260213_151714,RRCE_PNE,2047,1,20470001,100.0,100.0,true,3.6619949340820312,3.6613924503326416,265.0,3.0625,5.0625,3.4375,8.333333333333334
20260213_151714,RRCE_PNE,4489,1,44890001,100.0,100.0,true,3.8993000984191895,3.898874521255493,265.0,3.0625,5.0625,3.4375,8.333333333333334
20260213_151714,RRCE_PNE,4902,1,49020001,100.0,100.0,true,3.6392390727996826,3.6388025283813477,265.0,3.0625,5.0625,3.4375,8.333333333333334
20260213_151714,RRCE_PNE,8084,1,80840001,100.0,100.0,true,3.6892318725585938,3.6887288093566895,265.0,3.125,5.0625,3.4375,8.333333333333334
20260213_151714,RRCE_PNE,6811,1,68110001,100.0,100.0,true,3.8592231273651123,3.8587775230407715,271.0,2.9375,5.1875,3.4375,8.333333333333334
20260213_151714,RRCE_PNE,2732,1,27320001,100.0,100.0,true,3.541990041732788,3.5410850048065186,282.0,2.875,5.625,3.375,9.0
20260213_151714,RRCE_PNE,3069,1,30690001,100.0,100.0,true,3.6982991695404053,3.6978397369384766,265.0,3.0,5.125,3.4375,8.333333333333334
20260213_151714,RRCE_PNE,4457,1,44570001,100.0,100.0,true,3.825263023376465,3.824843168258667,265.0,3.0625,5.0625,3.4375,8.333333333333334
20260213_151714,RRCE_PNE,5680,1,56800001,100.0,100.0,true,3.6667098999023438,3.6662755012512207,265.0,3.0625,5.0625,3.4375,8.333333333333334
20260213_151714,RRCE_PNE,6485,1,64850001,100.0,100.0,true,3.6035609245300293,3.602965831756592,264.0,3.4375,4.75,3.5,10.0
20260213_151714,RRCE_PNE,3287,1,32870001,100.0,100.0,true,3.8009939193725586,3.800320863723755,282.0,2.8125,5.6875,3.375,9.0
20260213_151714,RRCE_PNE,8179,1,81790001,100.0,100.0,true,3.643324136734009,3.642796039581299,265.0,3.0625,5.0625,3.4375,8.333333333333334
20260213_151714,RRCE_PNE,9249,1,92490001,100.0,100.0,true,3.979569911956787,3.978703498840332,280.0,2.875,5.6875,3.375,9.0
20260213_151714,RRCE_PNE,8304,1,83040001,100.0,100.0,true,3.648634910583496,3.648184061050415,265.0,3.0625,5.0625,3.4375,8.333333333333334
20260213_151714,RRCE_PNE,378,1,3780001,100.0,100.0,true,4.179265975952148,4.1784281730651855,273.0,2.8125,5.6875,3.4375,7.666666666666667
20260213_151714,RRCE_PNE,5168,1,51680001,100.0,100.0,true,3.8866169452667236,3.8861939907073975,265.0,3.0625,5.0625,3.4375,8.333333333333334
20260213_151714,RRCE_PNE,3845,1,38450001,100.0,100.0,true,3.638791084289551,3.6383442878723145,265.0,3.0625,5.0625,3.4375,8.333333333333334
20260213_151714,RRCE_PNE,794,1,7940001,100.0,100.0,true,3.621016025543213,3.6204843521118164,265.0,3.0625,5.0625,3.4375,8.333333333333334
20260213_151714,RRCE_PNE,5941,1,59410001,100.0,100.0,true,3.8626151084899902,3.862060308456421,289.0,3.1875,5.3125,3.4375,11.0
20260213_151714,RRCE_PNE,1980,1,19800001,100.0,100.0,true,3.7309529781341553,3.7305541038513184,265.0,3.125,5.0625,3.4375,8.333333333333334
20260213_151714,RRCE_PNE,8841,1,88410001,100.0,100.0,true,3.643347978591919,3.642822265625,265.0,3.0625,5.0625,3.4375,8.333333333333334
20260213_151714,RRCE_PNE,2134,1,21340001,100.0,100.0,true,3.8995678424835205,3.8991284370422363,265.0,3.0625,5.0625,3.4375,8.333333333333334
20260213_151714,RRCE_PNE,7214,1,72140001,100.0,100.0,true,3.631898880004883,3.6314430236816406,265.0,3.125,5.0625,3.4375,8.333333333333334
20260213_151714,RRCE_PNE,5987,1,59870001,100.0,100.0,true,3.6053860187530518,3.604886770248413,265.0,3.0625,5.0625,3.4375,8.333333333333334
20260213_151714,RRCE_PNE,3807,1,38070001,100.0,100.0,true,3.904716968536377,3.904292106628418,265.0,3.0625,5.0625,3.4375,8.333333333333334
20260213_151714,RRCE_PNE,467,1,4670001,100.0,100.0,true,3.5591349601745605,3.558631181716919,289.0,3.1875,5.3125,3.4375,11.0
20260213_151714,RRCE_PNE,6478,1,64780001,100.0,100.0,true,3.586091995239258,3.5850272178649902,312.0,2.875,5.625,3.4375,14.0
20260213_151714,RRCE_PNE,4898,1,48980001,100.0,100.0,true,3.821134090423584,3.8206627368927,265.0,3.0625,5.0625,3.4375,8.333333333333334
20260213_151714,RRCE_PNE,7886,1,78860001,100.0,100.0,true,4.043771028518677,4.042295932769775,372.0,2.8125,5.875,3.4375,16.333333333333332
20260213_151714,RRCE_PNE,4410,1,44100001,100.0,100.0,true,3.5982649326324463,3.5977916717529297,265.0,3.0625,5.0625,3.4375,8.333333333333334
20260213_151714,RRCE_PNE,8260,1,82600001,100.0,100.0,true,3.8668301105499268,3.8664186000823975,265.0,3.0625,5.0625,3.4375,8.333333333333334
20260213_151714,RRCE_PNE,5346,1,53460001,100.0,100.0,true,3.630621910095215,3.63016414642334,265.0,3.0625,5.0625,3.4375,8.333333333333334
20260213_151714,RRCE_PNE,1574,1,15740001,100.0,100.0,true,3.6535000801086426,3.652897834777832,265.0,3.0625,5.0625,3.4375,8.333333333333334
20260213_151714,RRCE_PNE,4719,1,47190001,100.0,100.0,true,3.9456751346588135,3.9452662467956543,265.0,3.0625,5.0625,3.4375,8.333333333333334
20260213_151714,RRCE_PNE,6566,1,65660001,100.0,100.0,true,3.612283945083618,3.611743688583374,265.0,3.0625,5.0625,3.4375,8.333333333333334
20260213_151714,RRCE_PNE,9071,1,90710001,100.0,100.0,true,3.6191158294677734,3.618638753890991,265.0,3.0625,5.0625,3.4375,8.333333333333334
20260213_151714,RRCE_PNE,9416,1,94160001,100.0,100.0,true,3.9137580394744873,3.913322687149048,265.0,3.125,5.0625,3.4375,8.333333333333334
20260213_151714,RRCE_PNE,1942,1,19420001,100.0,100.0,true,3.577423095703125,3.5770082473754883,265.0,3.125,5.0625,3.4375,8.333333333333334
20260213_151714,RRCE_PNE,1562,1,15620001,100.0,100.0,true,3.844517946243286,3.8437159061431885,290.0,2.875,5.625,3.375,9.0
20260213_151714,RRCE_PNE,2244,1,22440001,100.0,100.0,true,3.9085378646850586,3.9081296920776367,265.0,3.0625,5.0625,3.4375,8.333333333333334
20260213_151714,RRCE_PNE,7298,1,72980001,100.0,100.0,true,3.6580240726470947,3.6574811935424805,265.0,3.125,5.0625,3.4375,8.333333333333334
20260213_151714,RRCE_PNE,8847,1,88470001,100.0,100.0,true,3.6773300170898438,3.6768674850463867,265.0,3.0625,5.0625,3.4375,8.333333333333334
20260213_151714,RRCE_PNE,6318,1,63180001,100.0,100.0,true,3.921967029571533,3.9215707778930664,264.0,3.375,4.75,3.5,10.0
20260213_151714,RRCE_PNE,7261,1,72610001,100.0,100.0,true,3.6496360301971436,3.649228572845459,265.0,3.0625,5.0625,3.4375,8.333333333333334
20260213_151714,RRCE_PNE,3149,1,31490001,100.0,100.0,true,3.6441049575805664,3.643605947494507,265.0,3.0625,5.0625,3.4375,8.333333333333334
20260213_151714,RRCE_PNE,7427,1,74270001,100.0,100.0,true,3.8364880084991455,3.836013078689575,276.0,3.1875,5.3125,3.375,10.0
20260213_151714,RRCE_PNE,6882,1,68820001,100.0,100.0,true,3.6682748794555664,3.667747735977173,265.0,3.0625,5.0625,3.4375,8.333333333333334
20260213_151714,RRCE_PNE,9841,1,98410001,100.0,100.0,true,3.6634109020233154,3.6629021167755127,265.0,3.0625,5.0625,3.4375,8.333333333333334
20260213_151714,RRCE_PNE,6351,1,63510001,100.0,100.0,true,3.9335148334503174,3.933086395263672,289.0,3.125,5.0,3.4375,8.333333333333334
20260213_151714,RRCE_PNE,9611,1,96110001,100.0,100.0,true,3.605048894882202,3.60463547706604,287.0,3.125,5.0,3.4375,8.333333333333334
20260213_151714,RRCE_PNE,5178,1,51780001,100.0,100.0,true,3.5661468505859375,3.565195322036743,296.0,3.0,5.5625,3.375,9.0
20260213_151714,RRCE_PNE,8915,1,89150001,100.0,100.0,true,3.6962311267852783,3.6958162784576416,274.0,2.875,5.25,3.4375,8.333333333333334
20260213_151714,RRCE_PNE,361,1,3610001,100.0,100.0,true,3.8732430934906006,3.8725900650024414,287.0,3.125,5.375,3.4375,11.0
20260213_151714,RRCE_PNE,3803,1,38030001,100.0,100.0,true,3.5593039989471436,3.5586562156677246,273.0,2.875,5.6875,3.4375,11.0
20260213_151714,RRCE_PNE,1030,1,10300001,100.0,100.0,true,3.9545340538024902,3.9540722370147705,265.0,3.0625,5.0625,3.4375,8.333333333333334
20260213_151714,RRCE_PNE,6073,1,60730001,100.0,100.0,true,3.6470398902893066,3.646625280380249,265.0,3.0625,5.0625,3.4375,8.333333333333334
20260213_151714,RRCE_PNE,532,1,5320001,100.0,100.0,true,3.7009830474853516,3.7004895210266113,265.0,3.0625,5.0625,3.4375,8.333333333333334
20260213_151714,RRCE_PNE,9099,1,90990001,100.0,100.0,true,3.7620038986206055,3.7612545490264893,292.0,2.875,5.875,3.375,9.0
20260213_151714,RRCE_PNE,3999,1,39990001,100.0,100.0,true,3.6899800300598145,3.6894829273223877,265.0,3.125,5.0625,3.4375,8.333333333333334
20260213_151714,RRCE_PNE,9370,1,93700001,100.0,100.0,true,3.6418590545654297,3.640983819961548,289.0,3.1875,5.3125,3.4375,10.0
20260213_151714,RRCE_PNE,5010,1,50100001,100.0,100.0,true,3.967676877975464,3.96726131439209,265.0,3.0625,5.0625,3.4375,8.333333333333334
20260213_151714,RRCE_PNE,7048,1,70480001,100.0,100.0,true,3.617568016052246,3.6168787479400635,282.0,2.9375,5.625,3.375,9.0
20260213_151714,RRCE_PNE,4111,1,41110001,100.0,100.0,true,3.707756996154785,3.707206964492798,265.0,3.0625,5.0625,3.4375,8.333333333333334
20260213_151714,RRCE_PNE,2921,1,29210001,100.0,100.0,true,3.9409658908843994,3.9405181407928467,265.0,3.0,5.125,3.4375,8.333333333333334
20260213_151714,RRCE_PNE,8503,1,85030001,100.0,100.0,true,3.4347360134124756,3.434288263320923,282.0,3.125,5.375,3.4375,8.333333333333334
20260213_151714,RRCE_PNE,4576,1,45760001,100.0,100.0,true,3.7135379314422607,3.7130846977233887,260.0,3.4375,4.75,3.4375,10.0
20260213_151714,RRCE_PNE,4863,1,48630001,100.0,100.0,true,3.92330002784729,3.922821044921875,265.0,3.0625,5.0625,3.4375,8.333333333333334
20260213_151714,RRCE_PNE,1157,1,11570001,100.0,100.0,true,3.625514030456543,3.6250813007354736,265.0,3.0625,5.0625,3.4375,8.333333333333334
20260213_151714,RRCE_PNE,7445,1,74450001,100.0,100.0,true,3.714935064315796,3.714319944381714,265.0,3.0625,5.0625,3.4375,8.333333333333334
20260213_151714,RRCE_PNE,7919,1,79190001,100.0,100.0,true,3.6672630310058594,3.6667819023132324,265.0,3.125,5.0625,3.4375,8.333333333333334
20260213_151714,RRCE_PNE,9026,1,90260001,100.0,100.0,true,3.790372848510742,3.789827585220337,290.0,3.0,5.5625,3.4375,11.0
20260213_151714,RRCE_PNE,8825,1,88250001,100.0,100.0,true,3.6761868000030518,3.675642728805542,265.0,3.0,5.125,3.4375,8.333333333333334
20260213_151714,RRCE_PNE,7801,1,78010001,100.0,100.0,true,3.685555934906006,3.6850829124450684,265.0,3.0625,5.0625,3.4375,8.333333333333334
20260213_151714,RRCE_PNE,3576,1,35760001,100.0,100.0,true,3.8656249046325684,3.8649394512176514,282.0,2.875,5.625,3.375,9.0
20260213_151714,RRCE_PNE,5108,1,51080001,100.0,100.0,true,3.6727449893951416,3.6718063354492188,282.0,2.875,5.625,3.375,9.0
20260213_151714,RRCE_PNE,7346,1,73460001,100.0,100.0,true,3.6794190406799316,3.678926944732666,265.0,3.0625,5.0625,3.4375,8.333333333333334
20260213_151714,RRCE_PNE,2659,1,26590001,100.0,100.0,true,3.8940088748931885,3.8934109210968018,261.0,3.125,5.0625,3.375,8.333333333333334
20260213_151714,RRCE_PNE,1301,1,13010001,100.0,100.0,true,3.736384868621826,3.7358124256134033,265.0,3.0625,5.0625,3.4375,8.333333333333334
20260213_151714,RRCE_PNE,5519,1,55190001,100.0,100.0,true,3.7295401096343994,3.7290868759155273,265.0,3.0625,5.0625,3.4375,8.333333333333334
20260213_151714,RRCE_PNE,1736,1,17360001,100.0,100.0,true,3.9415478706359863,3.9411301612854004,265.0,3.0625,5.0625,3.4375,8.333333333333334
20260213_151714,RRCE_PNE,618,1,6180001,100.0,100.0,true,3.653783082962036,3.6532089710235596,289.0,3.1875,5.3125,3.4375,11.0
20260213_151714,RRCE_PNE,8254,1,82540001,100.0,100.0,true,3.650031089782715,3.64949369430542,265.0,3.0625,5.0625,3.4375,8.333333333333334
20260213_151714,RRCE_PNE,7340,1,73400001,100.0,100.0,true,3.837294101715088,3.8367607593536377,273.0,2.8125,5.6875,3.4375,7.666666666666667
